OBJECTID_1,OBJECTID,JOIN_COUNT,TARGET_FID,ID,AREA,PERIMETER,PRECINCT_,CONGRESS,LEGIS,COUNCIL,BDED,ELECT,DASH_LABEL,DANDP,DISTRICT,PRECINCT,SHAPE_LENG,OBJECTID_12,FacType,Label,ObjectID_12_13,X,Y,District_P,Building_N,Location,x_lat,y_lat,city_state,street_add,POLL_X,SHAPE_Length,SHAPE_Area,POLL_Y
1,6,1,5,0,20682840.38,20115.8105,266,8,16,1,3,7,13-Jul,7013,7,13,20115.81061,17,MIDDLE SCHOOLS,07-13 Westland MS,69,1281251.528,471193.3984,13-Jul,Westland MS, 5511 Massachusetts Ave Bethesda MD 20816,-77.10930789,38.9604373,Bethesda MD 20816,5511 Massachusetts Ave,-77.10930789,20115.81061,20682839.98,38.9604373
2,7,1,6,0,17969746.49,17334.30131,265,8,16,1,3,7,11-Jul,7011,7,11,17334.30101,15,ELEMENTARY SCHOOLS,07-11 Somerset ES,67,1286060.208,474376.6576,11-Jul,Somerset ES, 5811 Warwick Pl Chevy Chase MD 20815,-77.09240816,38.96919221,Chevy Chase MD 20815,5811 Warwick Pl,-77.09240816,17334.30101,17969746.71,38.96919221
3,8,1,7,0,23264760.26,24716.4764,264,8,18,1,3,7,2-Jul,7002,7,2,24716.47673,177,PRIVATE,07-02 Chevy Chase Village Hall,201,1290290.11,474937.8035,2-Jul,Chevy Chase Village Hall, 5906 Connecticut Ave Chevy Chase MD 20815,-77.07753238,38.97074377,CHEVY CHASE MD 20815,5906 CONNECTICUT AVE,-77.07753238,24716.47673,23264760.82,38.97074377
4,9,1,8,0,22176927.83,30417.24938,253,8,20,5,4,13,13-67,13067,13,67,21015.94047,225,PRIVATE,13-67 Don Bosco Cristo Rey,158,1315098,477200.0002,13-67,Don Bosco Cristo Rey High School, 1010 Larch Ave Takoma Park MD 20912,-76.99027502,38.97698042,Takoma Park MD 20912,1010 Larch Ave,-76.99027502,21015.94047,10939593.29,38.97698042
5,10,1,9,0,11901389.63,17126.34894,263,8,20,5,4,13,13-06,13006,13,6,17126.34913,152,ELEMENTARY SCHOOLS,13-06 Piney Branch ES,126,1309667.25,479076.0937,13-06,Piney Branch ES, 7510 Maple Ave Takoma Park MD 20912,-77.00937888,38.98213166,Takoma Park MD 20912,7510 Maple Ave,-77.00937888,17126.34913,11901389.7,38.98213166
6,11,1,10,0,26052399.37,26096.29278,262,8,16,1,3,7,22-Jul,7022,7,22,26096.29248,21,ELEMENTARY SCHOOLS,07-22 Bannockburn ES,205,1273005.625,476280.7502,22-Jul,Bannockburn ES, 6520 Dalroy Ln Bethesda MD 20817,-77.13833399,38.97437501,BETHESDA MD 20817,6520 DALROY LN,-77.13833399,26096.29248,26052399.21,38.97437501
7,12,1,11,0,18823091.57,18350.65872,261,8,16,1,3,7,4-Jul,7004,7,4,18350.65886,11,ELEMENTARY SCHOOLS,07-04 Bethesda ES,61,1283947.125,480667.7187,4-Jul,Bethesda ES, 7600 Arlington Rd Bethesda MD 20814,-77.09986452,38.98645954,Bethesda MD 20814,7600 Arlington Rd,-77.09986452,18350.65886,18823091.43,38.98645954
8,13,1,12,0,13948897.02,15380.64276,260,8,18,1,3,7,6-Jul,7006,7,6,15380.64291,14,ELEMENTARY SCHOOLS,07-06 Chevy Chase ES,66,1289523.25,477787.7811,6-Jul,Chevy Chase ES, 4015 Rosemary St Chevy Chase MD 20815,-77.08023846,38.97856717,Chevy Chase MD 20815,4015 Rosemary St,-77.08023846,15380.64291,13948896.71,38.97856717
9,14,1,13,0,6841057.922,12470.46992,259,8,18,1,3,7,21-Jul,7021,7,21,12470.46963,182,PRIVATE,07-21 Chevy Chase United Methodist Ch,72,1290547.258,478404.4528,21-Jul,Chevy Chase United Methodist Church, 7001 Connecticut Ave Chevy Chase MD 20815,-77.07663816,38.98026279,Chevy Chase MD 20815,7001 Connecticut Ave,-77.07663816,12470.46963,6841057.894,38.98026279
10,15,1,14,0,43271549.13,31822.13679,258,8,16,1,3,7,23-Jul,7023,7,23,31822.13691,23,HIGH SCHOOLS,07-23 Walt Whitman HS,73,1276040.25,478918.9062,23-Jul,Walt Whitman HS, 7100 Whittier Blvd Bethesda MD 20817,-77.12767279,38.98163076,Bethesda MD 20817,7100 Whittier Blv,-77.12767279,31822.13691,43271549.07,38.98163076
11,16,1,15,0,66651696.37,36902.75823,257,8,16,1,3,7,3-Jul,7003,7,3,36902.75814,178,PRIVATE,07-03 Clara Barton Comm Ctr,59,1268933.906,475947.0931,3-Jul,Clara Barton Community Center, 7425 Mac Arthur Blvd Cabin John MD 20818,-77.15265415,38.97344106,Cabin John MD 20818,7425 Mac Arthur Blv,-77.15265415,36902.75814,66651696.17,38.97344106
12,18,1,17,0,16466749.56,20846.80033,255,8,18,1,3,7,5-Jul,7005,7,5,20846.79941,160,CENTER,07-05 Rollingwood School Center,62,1294196.626,480885.9501,5-Jul,Rollingwood School Center, 3200 Woodbine St Chevy Chase MD 20815,-77.06380666,38.98708397,Chevy Chase MD 20815,3200 Woodbine St,-77.06380666,20846.79941,16466749.5,38.98708397
13,19,1,18,0,5760179.483,14130.09676,254,8,20,5,4,13,13-47,13047,13,47,14130.09695,204,PRIVATE,13-47 MC Cultural Arts Center,233,1304921.407,480837.1906,13-47,Montgomery College Cultural Arts Center, 7995 Georgia Ave Silver Spring MD 20910,-77.02607582,38.98696458,SILVER SPRING MD 20910,7995 GEORGIA AVE,-77.02607582,14130.09695,5760179.467,38.98696458
14,20,1,19,0,22176927.83,30417.24938,253,8,20,5,4,13,13-68,13068,13,68,17497.47309,208,PRIVATE,13-68 Takoma Park Rec Ctr,159,1315766.324,479208.2678,13-68,Takoma Park Recreation Center, 7315 New Hampshire Ave Takoma Park MD 20912,-76.98792319,38.98249432,Takoma Park MD 20912,7315 New Hampshire Ave,-76.98792319,17497.47309,11237334.26,38.98249432
15,21,1,20,0,15618650.17,23674.55203,252,8,20,5,4,13,13-04,13004,13,4,23674.55138,151,ELEMENTARY SCHOOLS,13-04 Takoma Park ES,127,1308804.25,479268.5313,13-04,Takoma Park ES, 7511 Holly Ave Takoma Park MD 20912,-77.01241488,38.98265975,Takoma Park MD 20912,7511 Holly Ave,-77.01241488,23674.55138,15618649.83,38.98265975
16,22,1,21,0,10117509.25,22630.55381,251,8,20,5,4,13,13-08,13008,13,8,22630.55413,149,ELEMENTARY SCHOOLS,13-08 East Silver Spring ES,129,1308010.125,482814.2813,13-08,East Silver Spring ES, 631 Silver Spring Ave Silver Spring MD 20910,-77.01521059,38.99239501,Silver Spring MD 20910,631 Silver Spring Ave,-77.01521059,22630.55413,10117509.3,38.99239501
17,23,1,22,0,14660424.01,20083.15693,250,8,18,1,3,13,13-39,13039,13,39,20083.15546,218,Elementary School,13-39 Rock Creek Forest ES,143,1297893.853,482871.6624,13-39,Rock Creek Forest ES, 8330 Grubb Rd Chevy Chase MD 20815,-77.05080336,38.99254252,Chevy Chase MD 20815,8330 Grubb Rd,-77.05080336,20083.15546,14660424.21,38.99254252
18,1,1,0,0,17885188.94,21911.90925,271,8,16,1,3,7,27-Jul,7027,7,27,21911.90956,185,PRIVATE,07-27 St.Dunstan's Episcopal Ch,77,1281219.114,470170.8277,27-Jul,St. Dunstan's Episcopal Church, 5450 Massachusetts Ave Bethesda MD 20816,-77.10941757,38.9576295,Bethesda MD 20816,5450 Massachusetts Ave,-77.10941757,21911.90956,17885189.17,38.9576295
19,2,1,1,0,14335332.43,18101.89046,270,8,16,1,3,7,24-Jul,7024,7,24,18101.89052,183,PRIVATE,07-24 Little Flower School Hall,74,1280505.728,470945.6032,24-Jul,Little Flower School Hall, 5601 Massachusetts Ave Bethesda MD 20816,-77.11192963,38.95975444,Bethesda MD 20816,5601 Massachusetts Ave,-77.11192963,18101.89052,14335332.65,38.95975444
20,3,1,2,0,11983193.66,18244.60603,269,8,16,1,3,7,7-Jul,7007,7,7,18244.60538,16,ELEMENTARY SCHOOLS,07-07 Westbrook ES,64,1283095.75,470475.1563,7-Jul,Westbrook ES, 5110 Allan Ter Bethesda MD 20816,-77.10281933,38.95847109,Bethesda MD 20816,5110 Allan Ter,-77.10281933,18244.60538,11983193.93,38.95847109
21,4,1,3,0,4455604.678,12631.30227,268,8,16,1,3,7,26-Jul,7026,7,26,12631.30163,184,PRIVATE,07-26 Friendship Heights Village Ctr,245,1287035.175,472420.1938,26-Jul,Friendship Heights Village Center, 4433 S Park Ave Chevy Chase MD 20815,-77.08897229,38.96382298,CHEVY CHASE MD 20815,4433 S PARK AVE,-77.08897229,12631.30163,4455604.603,38.96382298
22,5,1,4,0,50356494.85,34038.07245,267,8,16,1,3,7,18-Jul,7018,7,18,34038.07248,181,PRIVATE,07-18 Washington Waldorf School,68,1277720.395,468278.2182,18-Jul,Washington Waldorf School, 4800 Sangamore Rd Bethesda MD 20816,-77.12171243,38.95242075,Bethesda MD 20816,4800 Sangamore Rd,-77.12171243,34038.07248,50356494.66,38.95242075
23,42,1,41,0,27155017.11,20862.93089,231,8,16,1,3,7,19-Jul,7019,7,19,20862.93096,6,MIDDLE SCHOOLS,07-19 North Bethesda MS,70,1276853,487277.0312,19-Jul,North Bethesda MS,8935 Bradmoor Dr Bethesda MD 20817,-77.12485389,39.00458276,Bethesda MD 20817,8935 Bradmoor Dr,-77.12485389,20862.93096,27155017.21,39.00458276
24,43,1,42,0,25728870.03,22655.01142,230,8,20,5,4,13,13-14,13014,13,14,22655.01103,198,PRIVATE,13-14 St.Luke Lutheran Ch,132,1305541.063,487392.9127,13-14,St. Luke Luthern Church, 9100 Colesville Rd Silver Spring MD 20910,-77.02390185,39.00496511,Silver Spring MD 20910,9100 Colesville Rd,-77.02390185,22655.01103,25728869.71,39.00496511
25,44,1,43,0,26475916.08,29830.51264,229,8,20,5,4,13,13-15,13015,13,15,29830.51325,115,MIDDLE SCHOOLS,13-15 Eastern MS,256,1312081.625,489898.1563,13-15,Eastern MS, 300 University Blvd E Silver Spring MD 20901,-77.00088584,39.01184618,Silver Spring MD 20901,300 E University Blv,-77.00088584,29830.51325,26475916.05,39.01184618
26,45,1,44,0,15158917,21042.25511,228,8,20,5,5,5,14-May,5014,5,14,21042.25453,130,ELEMENTARY SCHOOLS,05-14 JoAnn LeLeck ES,154,1316542.125,488992.8125,14-May,JoAnn LeLeck at Broad Acres ES, 710 Beacon Rd Silver Spring MD 20903,-76.98518844,39.00935945,Silver Spring MD 20903,710 Beacon Rd,-76.98518844,21042.25453,15158917.05,39.00935945
27,50,1,49,0,48887711.44,37030.59018,223,6,16,1,3,10,3-Oct,10003,10,3,37030.59046,20,ELEMENTARY SCHOOLS,10-03 Seven Locks ES,112,1266469.245,490280.1415,3-Oct,Seven Locks ES, 9500 Seven Locks Rd Bethesda MD 20817,-77.16141253,39.01278367,Bethesda MD 20817,9500 Seven Locks Rd,-77.16141253,37030.59046,48887711.74,39.01278367
28,51,1,50,0,37902372.2,37687.54651,222,8,18,1,3,13,13-03,13003,13,3,37687.54655,7,MIDDLE SCHOOLS,13-03 Silver Creek MS,223,1291178,491537.9998,13-03,Silver Creek Middle School,3701 Saul Rd Kensington MD 20895,-77.07445704,39.016325,KENSINGTON MD 20895,3701 Saul Rd,-77.07445704,37687.54655,37902372.57,39.016325
29,52,1,51,0,21771483.22,20131.66197,221,8,16,1,3,7,20-Jul,7020,7,20,20131.66118,229,ELEMENTARY SCHOOL,07-20 Ashburton ES,209,1276144.66,492705.9197,20-Jul,Ashburton Elementary School,6314 Lone Oak Dr Bethesda MD 20817,-77.12737316,39.01948611,Bethesda MD 20817,6314 Lone Oak Dr,-77.12737316,20131.66118,21771483.2,39.01948611
30,53,1,52,0,21480312.92,20990.1875,220,8,18,5,4,13,13-58,13058,13,58,20990.18731,220,Elementary School,13-58 Flora M. Singer ES,155,1296734,492295.9999,13-58,Flora M. Singer ES, 2600 Hayden Dr Silver Spring MD 20902,-77.05490409,39.01841704,Silver Spring MD 20902,2600 Hayden Dr,-77.05490409,20990.18731,21480312.95,39.01841704
31,54,1,53,0,12471474.99,16783.9694,219,8,20,5,4,13,13-19,13019,13,19,16783.96919,199,PRIVATE,13-19 Margaret Schweinhaut Snr Ctr,227,1304887.731,491952.6243,13-19,Margaret Schweinhaut Senior Center, 1000 Forest Glen Rd Silver Spring MD 20901,-77.02620552,39.01748419,SILVER SPRING MD 20901,1000 FOREST GLEN RD,-77.02620552,16783.96919,12471475.02,39.01748419
32,55,1,54,0,15513737.42,16237.74621,218,8,18,5,4,13,13-24,13024,13,24,16237.74592,200,PRIVATE,13-24 Holy Cross Resource Inst,226,1302423.791,491914.8542,13-24,Holy Cross Resource Institute, 9805 Dameron Dr Silver Spring MD 20902,-77.03487754,39.01737822,SILVER SPRING MD 20902,9805 DAMERON DR,-77.03487754,16237.74592,15513737.51,39.01737822
33,46,1,45,0,1101483.66,4585.665127,227,8,16,1,3,7,31-Jul,7031,7,31,4585.664613,186,PRIVATE,07-31 The Promenade Party Room,207,1282068.14,491111.4632,31-Jul,The Promenade Party Room, 5225 Pooks Hill Rd Bethesda MD 20814,-77.10651778,39.01512907,BETHESDA MD 20814,5225 POOKS HILL RD,-77.10651778,4585.664613,1101483.537,39.01512907
34,47,1,46,0,24091993.42,32124.32884,226,8,16,1,3,7,28-Jul,7028,7,28,32124.32896,18,ELEMENTARY SCHOOLS,07-28 Bradley Hills ES,75,1278780.875,485490.7813,28-Jul,Bradley Hills ES, 8701 Hartsdale Ave Bethesda MD 20817,-77.11806165,38.9996853,Bethesda MD 20817,8701 Hartsdale Ave,-77.11806165,32124.32896,24091993.69,38.9996853
35,48,1,47,0,20645516.02,23326.70798,225,8,16,1,3,7,10-Jul,7010,7,10,23326.708,179,PRIVATE,07-10 St.Jane Frances de Chantal Ch,244,1279232.225,490434.824,10-Jul,St. Jane Frances de Chantal Catholic Church, 9601 Old Georgetown Rd Bethesda MD 20814,-77.11649568,39.01326172,BETHESDA MD 20814,9601 OLD GEORGETOWN RD,-77.11649568,23326.708,20645516.13,39.01326172
36,49,1,48,0,31498469.17,37523.99741,224,8,16,1,3,7,9-Jul,7009,7,9,37523.99814,159,CENTER,07-09 Lynbrook School Center,202,1287597.628,482599.0613,9-Jul,Lynbrook School Center, 8001 Lynbrook Dr Bethesda MD 20814,-77.0870283,38.9917727,BETHESDA MD 20814,8001 LYNBROOK DR,-77.0870283,37523.99814,31498469.55,38.9917727
37,24,1,23,0,15969992.49,28289.5315,249,8,20,5,4,13,13-21,13021,13,21,28289.53254,148,MIDDLE SCHOOLS,13-21 Takoma Park MS,230,1308615,480277.2813,13-21,Takoma Park MS, 7611 Piney Branch Rd Silver Spring MD 20910,-77.01308115,38.98542941,SILVER SPRING MD 20910,7611 PINEY BRANCH RD,-77.01308115,28289.53254,15969992.16,38.98542941
38,25,1,24,0,17663810.52,22431.23781,248,8,18,1,3,7,Jul-32,7032,7,32,22431.23856,187,PRIVATE,07-32 Chevy Chase Library,208,1290554.794,482357.5843,Jul-32,Chevy Chase Library, 8005 Connecticut Ave Chevy Chase MD 20815,-77.07662332,38.99111695,CHEVY CHASE MD 20815,8005 CONNECTICUT AVE,-77.07662332,22431.23856,17663810.59,38.99111695
39,27,1,26,0,17172285.62,19931.3516,246,8,16,1,3,7,12-Jul,7012,7,12,19931.3516,180,PRIVATE,07-12 Connie Morella Bethesda Library,203,1284209.719,479501.074,12-Jul,Connie Morella Bethesda Library, 7400 Arlington Rd Bethesda MD 20814,-77.09893625,38.98325706,BETHESDA MD 20814,7400 ARLINGTON RD,-77.09893625,19931.3516,17172285.74,38.98325706
40,28,1,27,0,15026925.9,19039.27503,245,8,20,5,4,13,13-22,13022,13,22,19039.27582,153,ELEMENTARY SCHOOLS,13-22 Rolling Terrace ES,135,1313111.75,483823.9063,13-22,Rolling Terrace ES, 705 Bayfield St Takoma Park MD 20912,-76.99726115,38.9951681,Takoma Park MD 20912,705 Bayfield St,-76.99726115,19039.27582,15026926.09,38.9951681
41,29,1,28,0,2803895.044,9949.929023,244,8,20,5,3,13,13-65,13065,13,65,9949.929384,221,PRIVATE,13-65 Gwendolyn E. Coffield Rec Ctr,163,1297873.628,485095.0231,13-65,Gwendolyn E. Coffield Rec Ctr, 2450 Lyttonsville Rd Silver Spring MD 20910,-77.05087888,38.99864717,Silver Spring MD 20910,2450 Lyttonsville Rd,-77.05087888,9949.929384,2803895.09,38.99864717
42,30,1,29,0,10807733.52,14638.77894,243,8,18,5,3,13,13-16,13016,13,16,14638.77938,150,ELEMENTARY SCHOOLS,13-16 Rosemary Hills ES,133,1299501.75,486071.5001,13-16,Rosemary Hills ES, 2111 Porter Rd Silver Spring MD 20910,-77.04515176,39.00133064,Silver Spring MD 20910,2111 Porter Rd,-77.04515176,14638.77938,10807733.42,39.00133064
43,31,1,30,0,15158917,21042.25511,228,8,20,5,5,5,14-May,5014,5,14,1642.096895,130,ELEMENTARY SCHOOLS,05-14 JoAnn LeLeck ES,154,1316542.125,488992.8125,14-May,JoAnn LeLeck at Broad Acres ES, 710 Beacon Rd Silver Spring MD 20903,-76.98518844,39.00935945,Silver Spring MD 20903,710 Beacon Rd,-76.98518844,1642.096895,30985.39596,39.00935945
44,35,1,34,0,124094526.2,59356.04563,238,8,16,1,3,10,10-Oct,10010,10,10,59356.04771,195,PRIVATE,10-10 River Falls Swim Club,220,1251746.014,482124.8082,10-Oct,River Falls Swim Club, 7915 Horseshoe Ln Potomac MD 20854,-77.21316179,38.99030869,POTOMAC MD 20854,7915 HORSESHOE LN,-77.21316179,59356.04771,124094525.8,38.99030869
45,36,1,35,0,56640138.51,35714.77636,237,8,16,1,3,7,15-Jul,7015,7,15,35714.7769,19,MIDDLE SCHOOLS,07-15 Thomas W Pyle MS,204,1275492.25,481545.6876,15-Jul,Thomas W Pyle MS, 6311 Wilson Ln Bethesda MD 20817,-77.12961367,38.988841,BETHESDA MD 20817,6311 WILSON LN,-77.12961367,35714.7769,56640138.42,38.988841
46,37,1,36,0,9550772.939,17227.81724,236,8,20,5,4,13,13-13,13013,13,13,17227.81742,117,ELEMENTARY SCHOOLS,13-13 Highland View ES,130,1309389.875,487132.1562,13-13,Highland View ES, 9010 Providence Ave Silver Spring MD 20901,-77.01035786,39.00425113,Silver Spring MD 20901,9010 Providence Ave,-77.01035786,17227.81742,9550772.986,39.00425113
47,38,1,37,0,25486469.34,27117.97221,235,8,18,1,3,7,16-Jul,7016,7,16,27117.97311,13,ELEMENTARY SCHOOLS,07-16 North Chevy Chase ES,71,1291464,485144.3125,16-Jul,North Chevy Chase ES, 3700 Jones Bridge Rd Chevy Chase MD 20815,-77.07343235,38.99877053,Chevy Chase MD 20815,3700 Jones Bridge Rd,-77.07343235,27117.97311,25486469.2,38.99877053
48,39,1,38,0,13590587.72,15759.43449,234,8,20,5,4,13,13-18,13018,13,18,15759.43507,118,ELEMENTARY SCHOOLS,13-18 Oak View ES,262,1311646.875,487232.1249,13-18,Oak View ES, 400 E Wayne Ave Silver Spring MD 20901,-77.00241562,39.00452605,SILVER SPRING MD 20901,400 E WAYNE AVE,-77.00241562,15759.43507,13590587.79,39.00452605
49,40,1,39,0,16150538.05,18070.03315,233,8,18,5,4,13,13-07,13007,13,7,18070.0333,147,ELEMENTARY SCHOOLS,13-07 Woodlin ES,128,1299042.375,487968.0626,13-07,Woodlin ES, 2101 Luzerne Ave Silver Spring MD 20910,-77.04677163,39.00653739,Silver Spring MD 20910,2101 Luzerne Ave,-77.04677163,18070.0333,16150538.06,39.00653739
50,41,1,40,0,99526038.69,57764.27843,232,8,16,1,3,10,7-Oct,10007,10,7,57764.27941,22,ELEMENTARY SCHOOLS,10-07 Carderock Springs ES,255,1263508.875,479545.8124,7-Oct,Carderock Springs ES, 7401 Persimmon Tree Ln Bethesda MD 20817,-77.17176005,38.98329563,BETHESDA MD 20817,7401 PERSIMMON TREE LN,-77.17176005,57764.27941,99526038.85,38.98329563
51,74,1,73,0,13190421.33,17702.91898,199,8,18,4,4,13,13-32,13032,13,32,17702.91927,122,ELEMENTARY SCHOOLS,13-32 Glen Haven ES,141,1301832.833,497819.5174,13-32,Glen Haven ES, 10900 Inwood Ave Silver Spring MD 20902,-77.03696589,39.03358992,Silver Spring MD 20902,10900 Inwood Ave,-77.03696589,17702.91927,13190421.18,39.03358992
52,75,1,74,0,25514136.95,22744.74491,198,6,15,1,3,10,12-Oct,10012,10,12,22744.74499,48,ELEMENTARY SCHOOLS,10-12 Bells Mill ES,118,1264400.125,497286.9686,12-Oct,Bells Mill ES, 8225 Bells Mill Rd Potomac MD 20854,-77.16874009,39.03201191,Potomac MD 20854,8225 Bells Mill Rd,-77.16874009,22744.74499,25514136.96,39.03201191
53,76,1,75,0,12695538.88,16222.8308,197,3,20,5,5,5,10-May,5010,5,10,16222.83097,2,ELEMENTARY SCHOOLS,05-10 Cresthaven ES,44,1315564.014,495687.5139,10-May,Cresthaven ES, 1234 Cresthaven Dr Silver Spring MD 20903,-76.98862767,39.0277414,Silver Spring MD 20903,1234 Cresthaven Dr,-76.98862767,16222.83097,12695539.09,39.0277414
54,77,1,76,0,16401569.39,19776.37039,196,8,18,4,4,13,13-40,13040,13,40,19776.37067,113,ELEMENTARY SCHOOLS,13-40 Rock View ES,145,1290464,499984.2499,13-40,Rock View ES, 3901 Denfeld Ave Kensington MD 20895,-77.07699506,39.0395141,Kensington MD 20895,3901 Denfeld Ave,-77.07699506,19776.37067,16401569.61,39.0395141
55,78,1,77,0,15188500.98,18216.37614,195,8,19,4,4,13,13-33,13033,13,33,18216.37567,120,ELEMENTARY SCHOOLS,13-33 Kemp Mill ES,142,1307491.625,501477.4999,13-33,Kemp Mill ES, 411 Sisson St Silver Spring MD 20902,-77.01704712,39.04363816,Silver Spring MD 20902,411 Sisson St,-77.01704712,18216.37567,15188500.97,39.04363816
56,56,1,55,0,76028057.9,37161.03585,217,6,16,1,3,10,9-Oct,10009,10,9,37161.03511,194,PRIVATE,10-09 Our Lady of Mercy School,114,1262830.826,489017.7309,9-Oct,Our Lady of Mercy School, 9222 Kentsdale Dr Potomac MD 20854,-77.17420895,39.00929912,Potomac MD 20854,9222 Kentsdale Dr,-77.17420895,37161.03511,76028057.6,39.00929912
57,57,1,56,0,9356550.918,15412.33564,216,8,18,5,4,13,13-31,13031,13,31,15412.33541,121,ELEMENTARY SCHOOLS,13-31 Oakland Terrace ES,140,1296029.375,496012.2187,13-31,Oakland Terrace ES, 2720 Plyers Mill Rd Silver Spring MD 20902,-77.05739234,39.02861942,Silver Spring MD 20902,2720 Plyers Mill Rd,-77.05739234,15412.33541,9356550.913,39.02861942
58,58,1,57,0,22061092.13,22217.22138,215,8,20,5,4,13,13-23,13023,13,23,22217.22213,119,ELEMENTARY SCHOOLS,13-23 Pine Crest ES,136,1310902.125,493345.375,13-23,Pine Crest ES, 201 Woodmoor Dr Silver Spring MD 20901,-77.00503755,39.02131107,Silver Spring MD 20901,201 Woodmoor Dr,-77.00503755,22217.22213,22061092.02,39.02131107
59,59,1,58,0,21348958.32,21292.95069,214,8,16,1,3,7,25-Jul,7025,7,25,21292.95085,158,CENTER,07-25 Grosvenor School Center,206,1279923.303,494122.7226,25-Jul,"Grosvenor, Alef Bet Montessori School", 5701 Grosvenor Ln Bethesda MD 20814,-77.11407973,39.02338993,BETHESDA MD 20814,5701 GROSVENOR LN,-77.11407973,21292.95085,21348958.49,39.02338993
60,60,1,59,0,11455222.09,15594.14168,213,8,18,4,4,13,13-53,13053,13,53,15594.14172,127,MIDDLE SCHOOLS,13-53 Sligo MS,153,1302993.25,495338.4062,13-53,Sligo MS, 1401 Dennis Ave Silver Spring MD 20902,-77.03287762,39.0267788,Silver Spring MD 20902,1401 Dennis Ave,-77.03287762,15594.14172,11455222.23,39.0267788
61,61,1,60,0,35237553.75,30739.02783,212,8,18,1,3,13,13-38,13038,13,38,30739.02678,232,ELEMENTARY SCHOOLS,13-38 Kensington Parkwood ES,257,1285368.25,493535.8436,13-38,Kensington Parkwood ES,4710 Saul Rd Kensington MD 20895,-77.09491199,39.02179566,Kensington MD 20895,4710 Saul Rd,-77.09491199,30739.02678,35237553.32,39.02179566
62,62,1,61,0,8900875.459,18609.49581,211,8,16,1,3,4,Apr-31,4031,4,31,18609.49582,10,HIGH SCHOOLS,04-31 Walter Johnson HS,30,1275372.5,494857.9374,Apr-31,Walter Johnson HS, 6400 Rock Spring Dr Bethesda MD 20814,-77.13010172,39.02539189,Bethesda MD 20814,6400 Rock Spring Dr,-77.13010172,18609.49582,8900875.421,39.02539189
63,63,1,62,0,11235139.75,20207.4931,210,8,18,1,3,4,4-Apr,4004,4,4,20207.492,165,PRIVATE,04-04 Parkside Clubhouse North,177,1284922.908,496258.5233,4-Apr,Parkside Clubhouse North, 10522 Montrose Ave Bethesda MD 20814,-77.09648963,39.02926999,BETHESDA MD 20814,10522 MONTROSE AVE,-77.09648963,20207.492,11235139.64,39.02926999
64,64,1,63,0,154139393.1,65755.85768,209,8,16,1,3,10,2-Oct,10002,10,2,65755.85774,228,PRIVATE,10-02 Potomac Presbyterian Ch,219,1252030.81,493258.7598,2-Oct,Potomac Presbyterian CH, 10301 River Rd Potomac MD 20854,-77.21225089,39.02088088,POTOMAC MD 20854,10301 RIVER RD,-77.21225089,65755.85774,154139393.6,39.02088088
65,65,1,64,0,31975355.34,27236.95979,208,6,15,1,3,10,4-Oct,10004,10,4,27236.96001,53,MIDDLE SCHOOLS,10-04 Cabin John MS,116,1263467.625,497130.8125,4-Oct,Cabin John MS, 10701 Gainsborough Rd Potomac MD 20854,-77.17202174,39.03157838,Potomac MD 20854,10701 Gainsborough Rd,-77.17202174,27236.96001,31975355.29,39.03157838
66,66,1,65,0,47948554.3,33066.6374,207,3,20,5,5,5,3-May,5003,5,3,33066.63839,129,MIDDLE SCHOOLS,05-03 Francis Scott Key MS,37,1314545.875,495641.9687,3-May,Francis Scott Key MS, 910 Schindler Dr Silver Spring MD 20903,-76.99221164,39.02761664,Silver Spring MD 20903,910 Schindler Dr,-76.99221164,33066.63839,47948554.4,39.02761664
67,67,1,66,0,9743065.52,13867.52737,206,8,20,5,4,13,13-42,13042,13,42,13867.52738,203,PRIVATE,13-42 The Arc Montgomery Karasik Ctr,148,1304847.08,496771.003,13-42,The Arc Montgomery Karasik Center, 10611 Tenbrook Dr Silver Spring MD 20901,-77.02635349,39.03071391,Silver Spring MD 20901,10611 Tenbrook Dr,-77.02635349,13867.52738,9743065.555,39.03071391
68,68,1,67,0,19074591.35,21572.44781,205,8,18,1,3,13,13-34,13034,13,34,21572.44753,201,PRIVATE,13-34 Kensington Town Hall,232,1291022.312,494998.9152,13-34,Kensington Town Hall, 3710 Mitchell St Kensington MD 20895,-77.075015,39.02582724,KENSINGTON MD 20895,3710 MITCHELL ST,-77.075015,21572.44753,19074591.36,39.02582724
69,69,1,68,0,21770390.04,21804.59134,204,6,15,1,3,10,11-Oct,10011,10,11,21804.5913,196,PRIVATE,10-11 Pauline Betz Addie Tennis Ctr,221,1267125.008,494548.8149,11-Oct,Pauline Betz Addie Tennis Center, 7801 Democracy Blvd Bethesda MD 20817,-77.15913085,39.02450726,BETHESDA MD 20817,7801 DEMOCRACY BLVD,-77.15913085,21804.5913,21770390.2,39.02450726
70,70,1,69,0,1260299.369,5333.35241,203,8,19,4,4,13,13-57,13057,13,57,5333.352463,211,PRIVATE,13-57 Arcola Towers,269,1303625.301,499722.1507,13-57,Arcola Towers, 1135 University Blvd W Silver Spring MD 20902,-77.03065795,39.03881576, Silver Spring MD 20902,1135 UNIVERSITY BLVD W,-77.03065795,5333.352463,1260299.393,39.03881576
71,71,1,70,0,21218958.23,20029.39766,202,8,19,5,4,13,13-11,13011,13,11,20029.39725,116,ELEMENTARY SCHOOLS,13-11 Forest Knolls ES,131,1306533,497716.2499,13-11,Forest Knolls ES, 10830 Eastwood Ave Silver Spring MD 20901,-77.02041937,39.03331044,Silver Spring MD 20901,10830 Eastwood Ave,-77.02041937,20029.39725,21218958.18,39.03331044
72,73,1,72,0,13589660.08,16606.65352,200,8,18,4,4,13,13-59,13059,13,59,16606.65338,212,PRIVATE,13-59 Stephen Knolls School,261,1297806.976,497914.8578,13-59,Stephen Knolls School, 10731 St Margarets Way Kensington MD 20895,-77.05113867,39.03384636,Kensington MD 20895,10731 ST MARGARETS WAY,-77.05113867,16606.65338,13589660.17,39.03384636
73,94,1,93,0,15450213.66,20333.25598,179,8,18,4,4,13,13-30,13030,13,30,20333.25604,4,PRIVATE,13-30 Holiday Park Snr Ctr,259,1290266.17,504143.4099,13-30,Holiday Park Senior Center, 3950 Ferrara Dr Wheaton MD 20906,-77.07770402,39.05093332,SILVER SPRING MD 20906,3950 FERRARA DR,-77.07770402,20333.25604,15450213.51,39.05093332
74,95,1,94,0,4868172.544,15406.53117,178,3,14,5,5,5,4-May,5004,5,4,15406.53093,171,PRIVATE,05-04 Riderwood Village,191,1326244.481,503166.9148,4-May,RIDERWOOD VILLAGE, 3120 Gracefield Rd Silver Spring MD 20904,-76.95101719,39.04826773,SILVER SPRING MD 20904,3120 GRACEFIELD RD,-76.95101719,15406.53093,4868172.735,39.04826773
75,101,1,100,0,38727049.93,28831.55829,172,6,15,1,3,10,6-Oct,10006,10,6,28831.55815,224,ELEMENTARY SCHOOLS,10-06 Wayside ES,113,1253745.03,502969.7799,6-Oct,Wayside ES, 10011 Glen Rd Potomac MD 20854,-77.20629449,39.04755495,Potomac MD 20854,10011 Glen Rd,-77.20629449,28831.55815,38727050.01,39.04755495
76,103,1,102,0,42823277.82,33748.53821,170,3,20,5,5,5,6-May,5006,5,6,33748.5384,134,MIDDLE SCHOOLS,05-06 White Oak MS,41,1313681.194,506105.1702,6-May,White Oak MS, 12201 New Hampshire Ave Silver Spring MD 20904,-76.99525348,39.05634536,Silver Spring MD 20904,12201 New Hampshire Ave,-76.99525348,33748.5384,42823277.52,39.05634536
77,104,1,103,0,33960632.4,28521.94602,169,8,19,4,4,13,13-63,13063,13,63,28521.94532,128,ELEMENTARY SCHOOLS,13-63 Glenallan ES,167,1300590.361,507884.1702,13-63,Glenallan ES, 12520 Heurich Rd Silver Spring MD 20902,-77.04135593,39.06122269,Silver Spring MD 20902,12520 Heurich Rd,-77.04135593,28521.94532,33960632.35,39.06122269
78,105,1,104,0,28428112.5,33748.59344,168,8,19,4,4,13,13-20,13020,13,20,33748.59163,123,MIDDLE SCHOOLS,13-20 Col E Brooke Lee MS,134,1303614.625,503650.9062,13-20,Col E Brooke Lee MS, 11800 Monticello Ave Silver Spring MD 20902,-77.03070019,39.04960283,Silver Spring MD 20902,11800 Monticello Ave,-77.03070019,33748.59163,28428112.65,39.04960283
79,106,1,105,0,13119206.52,17743.12243,167,8,18,4,4,13,13-28,13028,13,28,17743.12298,143,HIGH SCHOOLS,13-28 Wheaton HS,228,1293472.195,508156.0694,13-28,Wheaton HS, 12401 Dalewood Dr Silver Spring MD 20906,-77.06642509,39.06195769,SILVER SPRING MD 20906,12401 DALEWOOD DR,-77.06642509,17743.12298,13119206.54,39.06195769
80,97,1,96,0,60498540.38,38711.28816,176,3,20,5,5,5,13-May,5013,5,13,38711.28866,172,PRIVATE,05-13 White Oak Comm Rec Ctr,193,1319398.897,502313.3823,13-May,White Oak Community Rec Center, 1700 April Ln Silver Spring MD 20904,-76.97512213,39.04593181,SILVER SPRING MD 20904,1700 APRIL LN,-76.97512213,38711.28866,60498540.09,39.04593181
81,79,1,78,0,25205813.36,25695.30839,194,6,15,1,3,10,13-Oct,10013,10,13,25695.30788,197,PRIVATE,10-13 Potomac Comm Ctr,117,1258037,500588.0007,13-Oct,Potomac Community Center, 11315 Falls Rd Potomac MD 20854,-77.19116458,39.04104103,Potomac MD 20854,11315 Falls Rd,-77.19116458,25695.30788,25205813.41,39.04104103
82,80,1,79,0,24837149.91,22354.23889,193,6,15,1,3,10,5-Oct,10005,10,5,22354.23932,52,MIDDLE SCHOOLS,10-05 Herbert Hoover MS,115,1261597.75,501971.25,5-Oct,Herbert Hoover MS, 8810 Postoak Rd Potomac MD 20854,-77.17863758,39.04485878,Potomac MD 20854,8810 Post Oak Rd,-77.17863758,22354.23932,24837150,39.04485878
83,82,1,81,0,16401569.39,19776.37039,196,8,18,4,4,13,13-27,13027,13,27,25483.61378,112,HIGH SCHOOLS,13-27 Albert Einstein HS,137,1293292.75,500019.0938,13-27,Albert Einstein HS, 11135 Newport Mill Rd Kensington MD 20895,-77.06703602,39.03961589,Kensington MD 20895,11135 Newport Mill Rd,-77.06703602,25483.61378,19217457.9,39.03961589
84,83,1,82,0,9621731.272,14043.78265,190,8,16,1,3,4,17-Apr,4017,4,17,14043.78261,226,PRIVATE,04-17 B'nai Israel Congregation,185,1275755,505386.9993,17-Apr,B'nai Israel Congregation,6301 Montrose Rd Rockville MD 20852,-77.12880762,39.05430274,Rockville MD 20852,6301 Montrose Rd,-77.12880762,14043.78261,9621731.337,39.05430274
85,86,1,85,0,17698128.9,17343.13379,187,8,18,4,4,13,13-29,13029,13,29,17343.134,126,ELEMENTARY SCHOOLS,13-29 Highland ES,139,1294184,504209.3438,13-29,Highland ES, 3100 Medway St Silver Spring MD 20902,-77.06390853,39.0511227,Silver Spring MD 20902,3100 Medway St,-77.06390853,17343.134,17698128.8,39.0511227
86,87,1,86,0,24233798.03,28672.19715,186,8,18,4,4,13,13-44,13044,13,44,28672.19739,125,ELEMENTARY SCHOOLS,13-44 Arcola ES,150,1301193.51,502090.461,13-44,Arcola ES, 1820 Franwall Ave Silver Spring MD 20902,-77.03922302,39.04531582,Silver Spring MD 20902,1820 Franwall Ave,-77.03922302,28672.19739,24233798.13,39.04531582
87,88,1,87,0,21428377.69,21805.90301,185,8,16,1,3,4,13-Apr,4013,4,13,21805.90225,41,ELEMENTARY SCHOOLS,04-13 Farmland ES,189,1271074.375,502804.8751,13-Apr,Farmland ES, 7000 Old Gate Rd Rockville MD 20852,-77.14527557,39.0471938,ROCKVILLE MD 20852,7000 OLD GATE RD,-77.14527557,21805.90225,21428377.65,39.0471938
88,89,1,88,0,12695538.88,16222.8308,197,3,20,5,5,5,5-May,5005,5,5,57559.92517,222,ELEMENTARY SCHOOLS,05-05 Burnt Mills ES,40,1311783.735,499921.5812,5-May,Burnt Mills ES, 11211 Childs St Silver Spring MD 20901,-77.00193496,39.03936733,Silver Spring MD 20901,11211 Childs St,-77.00193496,57559.92517,55396438.17,39.03936733
89,90,1,89,0,21496453.39,20021.38315,183,6,16,1,3,4,Apr-32,4032,4,32,20021.38307,168,PRIVATE,04-32 Ivymount School,183,1266261.581,502494.0444,Apr-32,Ivymount School, 11614 Seven Locks Rd Potomac MD 20854,-77.16221976,39.0463181,POTOMAC MD 20854,11614 SEVEN LOCKS RD,-77.16221976,20021.38307,21496453.38,39.0463181
90,91,1,90,0,31750683.02,24750.2201,182,6,15,1,3,4,12-Apr,4012,4,12,24750.22007,50,HIGH SCHOOLS,04-12 Winston Churchill HS,19,1263162.125,501766.4687,12-Apr,Winston Churchill HS, 11300 Gainsborough Rd Potomac MD 20854,-77.17312814,39.04430479,Potomac MD 20854,11300 Gainsborough Rd,-77.17312814,24750.22007,31750682.66,39.04430479
91,92,1,91,0,5456206.977,11218.44698,180,8,16,3,3,4,28-Apr,4028,4,28,11218.447,167,PRIVATE,04-28 Bender JCC,26,1276861.84,505088.7865,28-Apr,Bender Jewish Community Center, 6125 Montrose Rd Rockville MD 20852,-77.12490855,39.05348817,Rockville MD 20852,6125 Montrose Rd,-77.12490855,11218.447,5456206.731,39.05348817
92,140,1,139,0,13226828.37,18067.67685,133,8,19,4,4,13,13-55,13055,13,55,18067.67653,145,ELEMENTARY SCHOOLS,13-55 Strathmore ES,231,1293759.625,516936.7499,13-55,Strathmore ES, 3200 Beaverwood Ln Silver Spring MD 20906,-77.06543499,39.08606697,SILVER SPRING MD 20906,3200 BEAVERWOOD LN,-77.06543499,18067.67653,13226828.43,39.08606697
93,141,1,140,0,21770108.73,21552.1837,132,8,15,3,2,4,24-Apr,4024,4,24,21552.18347,46,ELEMENTARY SCHOOLS,04-24 Lakewood ES,186,1257246.029,517675.9637,24-Apr,Lakewood ES, 2534 Lindley Ter Rockville MD 20850,-77.19407729,39.08795409,ROCKVILLE MD 20850,2534 LINDLEY TER,-77.19407729,21552.18347,21770108.95,39.08795409
94,142,1,141,0,43191640.77,32492.66196,131,8,14,5,5,5,8-May,5008,5,8,32492.66164,138,ELEMENTARY SCHOOLS,05-08 William T Page ES,42,1316991.875,512866.5,8-May,William T Page ES, 13400 Tamarack Rd Silver Spring MD 20904,-76.98359058,39.07490862,Silver Spring MD 20904,13400 Tamarack Rd,-76.98359058,32492.66164,43191640.8,39.07490862
95,143,1,142,0,54108655.22,40400.94392,130,8,19,4,4,13,13-02,13002,13,2,40400.94435,124,HIGH SCHOOLS,13-02 John F Kennedy HS,125,1301252.125,509532.875,13-02,John F Kennedy HS, 1901 Randolph Rd Silver Spring MD 20902,-77.03902784,39.06575027,Silver Spring MD 20902,1901 Randolph Rd,-77.03902784,40400.94435,54108655.37,39.06575027
96,145,1,144,0,58808681.81,41121.63981,128,8,14,4,5,5,9-May,5009,5,9,41121.64046,132,ELEMENTARY SCHOOLS,05-09 Westover ES,192,1307216.875,512850.4374,9-May,Westover ES, 401 Hawkesbury Ln Silver Spring MD 20904,-77.01802239,39.07486428,SILVER SPRING MD 20904,401 HAWKESBURY LN,-77.01802239,41121.64046,58808681.8,39.07486428
97,144,1,143,0,30834691.65,31050.62915,129,8,19,4,4,13,13-56,13056,13,56,31050.62912,140,MIDDLE SCHOOLS,13-56 Argyle MS,160,1298446.875,518191.9064,13-56,Argyle MS, 2400 Bel Pre Rd Silver Spring MD 20906,-77.04892423,39.08952125,Silver Spring MD 20906,2400 Bel Pre Rd,-77.04892423,31050.62912,30834691.72,39.08952125
98,146,1,145,0,15205908.46,16492.8115,127,3,14,5,5,5,21-May,5021,5,21,16492.81167,173,PRIVATE,05-21 East County Comm Rec Ctr,52,1328909.012,513785.9155,21-May,East County Community Rec Ctr, 3310 Gateshead Manor Way Silver Spring MD 20904,-76.94161115,39.07741961,Silver Spring MD 20904,3310 Gateshead Manor Way,-76.94161115,16492.81167,15205908.17,39.07741961
99,109,1,108,0,39985687.29,27750.87929,164,8,17,3,2,4,30-Apr,4030,4,30,27750.87972,227, ,04-30 St.Elizabeth School,29,1273711.324,505574.3219,30-Apr,St. Elizabeth Catholic School,917 Montrose Rd Rockville MD 20852,-77.13600524,39.05480893,Rockville MD 20852,917 Montrose Rd,-77.13600524,27750.87972,39985687.12,39.05480893
100,110,1,109,0,18905993.1,19287.30783,163,8,18,4,4,13,13-36,13036,13,36,19287.30729,142,ELEMENTARY SCHOOLS,13-36 Sargent Shriver ES,268,1289856.318,508010.618,13-36,Sargent Shriver ES, 12518 Greenly St Silver Spring MD 20906,-77.07915902,39.06155042,SILVER SPRING MD 20906,12518 GREENLY DR,-77.07915902,19287.30729,18905992.88,39.06155042
101,112,1,111,0,24842406,36234.50307,161,8,18,4,4,13,13-25,13025,13,25,36234.50323,144,ELEMENTARY SCHOOLS,13-25 Viers Mill ES,138,1288111.25,503260.0937,13-25,Viers Mill ES, 11711 Joseph Mill Rd Silver Spring MD 20906,-77.08528913,39.04850275,Silver Spring MD 20906,11711 Joseph Mill Rd,-77.08528913,36234.50323,24842405.99,39.04850275
102,119,1,118,0,19907179.61,20259.10516,154,8,20,5,5,5,11-May,5011,5,11,20259.10551,135,ELEMENTARY SCHOOLS,05-11 Cannon Road ES,43,1313987.75,510629.3438,11-May,Cannon Road ES, 901 Cannon Rd Silver Spring MD 20904,-76.99417292,39.06876716,Silver Spring MD 20904,901 Cannon Rd,-76.99417292,20259.10551,19907179.76,39.06876716
103,120,1,119,0,31328840.08,29239.00164,153,8,20,4,5,5,22-May,5022,5,22,29239.001,137,HIGH SCHOOLS,05-22 Springbrook HS,243,1310720,506635.6875,22-May,Springbrook HS, 201 Valley Brook Dr Silver Spring MD 20901,-77.0056815,39.05780194,SILVER SPRING MD 20904,201 VALLEY BROOK DR,-77.0056815,29239.001,31328839.9,39.05780194
104,124,1,123,0,13178157.2,15601.55753,149,6,19,4,4,13,13-37,13037,13,37,15601.55666,202,PRIVATE,13-37 St.John's Evangelical Lutheran Ch,144,1285647.12,513206.068,13-37,St. John's Evangelical Lutheran Church, 4629 Aspen Hill Rd Rockville MD 20853,-77.09400171,39.07580438,Rockville MD 20853,4629 Aspen Hill Rd,-77.09400171,15601.55666,13178157.28,39.07580438
105,125,1,124,0,19573170.03,19110.00336,148,8,19,4,4,13,13-35,13035,13,35,19110.00341,141,ELEMENTARY SCHOOLS,13-35 Weller Road ES,146,1293292,509423.3436,13-35,Weller Road ES, 3301 Weller Rd Silver Spring MD 20906,-77.06706298,39.06543684,Silver Spring MD 20906,3301 Weller Rd,-77.06706298,19110.00341,19573170.18,39.06543684
106,128,1,127,0,29077506.11,23349.75546,145,8,19,4,4,13,13-01,13001,13,1,23349.75513,146,ELEMENTARY SCHOOLS,13-01 Georgian Forest ES,124,1294886.875,513139.3749,13-01,Georgian Forest ES, 3100 Regina Dr Silver Spring MD 20906,-77.06145469,39.07564286,Silver Spring MD 20906,3100 Regina Dr,-77.06145469,23349.75513,29077505.8,39.07564286
107,129,1,128,0,9718211.642,16083.88055,144,8,15,3,3,4,29-Apr,4029,4,29,16083.88033,49,ELEMENTARY SCHOOLS,04-29 Cold Spring ES,27,1258704.09,507207.2233,29-Apr,Cold Spring ES, 9201 Falls Chapel Way Potomac MD 20854,-77.18886413,39.059219,Potomac MD 20854,9201 Falls Chapel Way,-77.18886413,16083.88033,9718211.39,39.059219
108,130,1,129,0,43391253.7,28758.12328,143,3,14,5,5,5,12-May,5012,5,12,28758.1229,136,ELEMENTARY SCHOOLS,05-12 Galway ES,45,1327577.875,508881.9687,12-May,Galway ES, 12612 Galway Dr Silver Spring MD 20904,-76.94631032,39.0639573,Silver Spring MD 20904,12612 Galway Dr,-76.94631032,28758.1229,43391253.56,39.0639573
109,131,1,130,0,25051643.45,31326.09184,142,8,17,3,2,4,5-Apr,4005,4,5,31326.09207,40,HIGH SCHOOLS,04-05 Richard Montgomery HS,14,1270676.417,514515.4514,5-Apr,Richard Montgomery HS, 250 Richard Montgomery Dr Rockville MD 20852,-77.14674308,39.07934529,Rockville MD 20852,250 Richard Montgomery Dr,-77.14674308,31326.09207,25051643.4,39.07934529
110,132,1,131,0,15776495.56,16401.86294,141,8,17,3,2,4,6-Apr,4006,4,6,16401.8634,155,CENTER,04-06 Lone Oak School Center,15,1274452.013,514847.8439,6-Apr,Lone Oak School Center, 1010 Grandin Ave Rockville MD 20851,-77.13344468,39.08027383,Rockville MD 20851,1010 Grandin Ave,-77.13344468,16401.8634,15776495.53,39.08027383
111,133,1,132,0,16492868.88,18893.85177,140,3,14,5,5,5,2-May,5002,5,2,18893.85153,131,ELEMENTARY SCHOOLS,05-02 Greencastle ES,39,1328867.5,514878.4686,2-May,Greencastle ES, 13611 Robey Rd Silver Spring MD 20904,-76.94175492,39.08041945,Silver Spring MD 20904,13611 Robey Rd,-76.94175492,18893.85153,16492868.88,39.08041945
112,134,1,133,0,25762061.57,24101.28189,139,8,17,3,2,4,2-Apr,4002,4,2,24101.28241,31,MIDDLE SCHOOLS,04-02 Julius West MS,13,1265814.455,513639.0075,2-Apr,Julius West MS, 651 Great Falls Rd Rockville MD 20850,-77.16386454,39.07691617,Rockville MD 20850,651 Great Falls Rd,-77.16386454,24101.28241,25762061.65,39.07691617
113,135,1,134,0,271733372.6,85711.02014,138,6,15,1,3,6,2-Jun,6002,6,2,85711.01986,175,PRIVATE,06-02 SS.Peter & Paul Orthodox Ch,196,1250043.518,494453.1235,2-Jun,SS. Peter and Paul Orthodox Church, 10620 River Rd Potomac MD 20854,-77.21925576,39.02414732,POTOMAC MD 20854,10620 RIVER RD,-77.21925576,85711.01986,271733372.8,39.02414732
114,136,1,135,0,23736535.86,24015.85497,137,8,17,3,2,4,21-Apr,4021,4,21,24015.85584,34,ELEMENTARY SCHOOLS,04-21 Fallsmead ES,24,1262217.375,514026.1251,21-Apr,Fallsmead ES, 1800 Greenplace Ter Rockville MD 20850,-77.176538,39.07796065,Rockville MD 20850,1800 Greenplace Ter,-77.176538,24015.85584,23736536.01,39.07796065
115,137,1,136,0,48209948.35,30723.5794,136,3,14,5,5,5,17-May,5017,5,17,30723.58044,157,CENTER,05-17 Fairland School Center,241,1324306.204,512832.9719,17-May,Fairland School Center, 13313 Old Columbia Pike Silver Spring MD 20904,-76.95782637,39.07481012,SILVER SPRING MD 20904,13313 OLD COLUMBIA PIKE,-76.95782637,30723.58044,48209948.32,39.07481012
116,138,1,137,0,16485126.1,21211.304,135,6,19,3,4,13,13-45,13045,13,45,21211.30432,44,MIDDLE SCHOOLS,13-45 Parkland MS,258,1286312.5,516245.6249,13-45,Parkland MS, 4610 W Frankfort Dr Rockville MD 20853,-77.09166867,39.08415179,Rockville MD 20853,4610 W Frankfort Dr,-77.09166867,21211.30432,16485125.97,39.08415179
117,165,1,164,0,58058228.5,41385.10637,108,8,17,3,2,4,16-Apr,4016,4,16,41385.10713,32,HIGH SCHOOLS,04-16 Thomas S Wootton HS,20,1260325.875,513527.7812,16-Apr,Thomas S Wootton HS, 2100 Wootton Pkwy Rockville MD 20850,-77.18319744,39.07658214,Rockville MD 20850,2100 Wootton Pkw,-77.18319744,41385.10713,58058228.21,39.07658214
118,166,1,165,0,49158885.24,33346.06775,107,3,14,5,5,5,23-May,5023,5,23,33346.06735,174,PRIVATE,05-23 Praisner Comm Rec Ctr,242,1328844.325,522670.6906,23-May,Marilyn J. Praisner Community Rec Center, 14906 Old Columbia Pike Burtonsville MD 20866,-76.94181907,39.10181415,BURTONSVILLE MD 20866,14906 OLD COLUMBIA PIKE,-76.94181907,33346.06735,49158885.21,39.10181415
119,167,1,166,0,7432147.421,15162.90728,106,8,19,3,5,13,13-69,13069,13,69,15162.907,209,PRIVATE,13-69 Leisure World Clubhouse II,263,1292843.984,525061.4168,13-69,Leisure World Clubhouse II, 3300 N Leisure World Blvd Silver Spring MD 20906,-77.06868232,39.10837253,SILVER SPRING MD 20906,3300 N LEISURE WORLD BLVD,-77.06868232,15162.907,7432147.547,39.10837253
120,171,1,170,0,43562883.44,35286.09637,102,6,19,3,5,8,3-Aug,8003,8,3,35286.09636,47,ELEMENTARY SCHOOLS,08-03 Flower Valley ES,78,1285928,524119.8125,3-Aug,Flower Valley ES, 4615 Sunflower Dr Rockville MD 20853,-77.0930515,39.10577041,Rockville MD 20853,4615 Sunflower Dr,-77.0930515,35286.09636,43562883.77,39.10577041
121,173,1,172,0,41330392.51,34581.34407,100,6,15,2,2,6,5-Jun,6005,6,5,34581.34476,95,HIGH SCHOOLS,06-05 Quince Orchard HS,198,1240198,527908.0625,5-Jun,Quince Orchard HS, 15800 Quince Orchard Rd Gaithersburg MD 20878,-77.25423909,39.1159327,GAITHERSBURG MD 20878,15800 QUINCE ORCHARD RD,-77.25423909,34581.34476,41330392.45,39.1159327
122,17,1,16,0,7270510.942,12895.75874,256,8,18,1,3,7,1-Jul,7001,7,1,12895.759,,HIGH SCHOOLS,07-01 Bethesda-Chevy Chase HS,,1287044,480798.1563,,Bethesda-Chevy Chase HS,"4301 East West Hwy, Bethesda, MD 20814",-77.08897,38.986826,"Bethesda, MD 20814",4301 East West Hwy,-77.08897,12895.759,7270510.884,38.986826
123,26,1,25,0,3558280.097,10699.29801,247,8,20,5,4,13,13-10,13010,13,10,10699.29798,,PRIVATE,13-10 Silver Spring Civic Building,,1305355.706,484672.3409,,Silver Spring Civic Building,"1 Veterans Pl, Silver Spring, MD 20910",-77.024552,38.997495,"Silver Spring, MD 20910",1 Veterans Pl,-77.024552,10699.29798,3558280.039,38.997495
124,32,1,31,0,21094271.83,21041.82851,241,8,16,1,3,7,8-Jul,7008,7,8,21041.82845,,HIGH SCHOOLS,07-08 Bethesda-Chevy Chase HS,,1287044,480798.1563,,Bethesda-Chevy Chase HS,"4301 East West Hwy, Bethesda, MD 20814",-77.08897,38.986826,"Bethesda, MD 20814",4301 East West Hwy,-77.08897,21041.82845,21094271.68,38.986826
125,33,1,32,0,10569454.52,16220.31057,240,8,20,5,4,13,13-05,13005,13,5,16220.31065,,PRIVATE,13-05 Silver Spring Civic Building,,1305355.706,484672.3409,,Silver Spring Civic Building,"1 Veterans Pl, Silver Spring, MD 20910",-77.024552,38.997495,"Silver Spring, MD 20910",1 Veterans Pl,-77.024552,16220.31065,10569454.62,38.997495
126,34,1,33,0,12614309.42,18533.01658,239,8,20,5,4,13,13-50,13050,13,50,18533.0163,,PRIVATE,13-50 Silver Spring Civic Building,,1305355.706,484672.3409,,Silver Spring Civic Building,"1 Veterans Pl, Silver Spring, MD 20910",-77.024552,38.997495,"Silver Spring, MD 20910",1 Veterans Pl,-77.024552,18533.0163,12614309.47,38.997495
127,72,1,71,0,15552047.93,15867.67382,201,8,16,1,3,4,10-Apr,4010,4,10,15867.6741,,MIDDLE SCHOOLS,04-10 Tilden MS,,1277704.75,499540.8126,,Tilden MS,"11211 Old Georgetown Rd, Rockville, MD 20852",-77.121914,39.038258,"Rockville, MD 20852",11211 Old Georgetown Rd,-77.121914,15867.6741,15552047.96,39.038258
128,93,1,92,0,31861158.7,32930.15172,181,8,18,1,3,4,8-Apr,4008,4,8,32930.15131,,ELEMENTARY SCHOOLS,04-08 Garrett Park ES,,1284875.68,497517.3054,,Garrett Park ES,"4810 Oxford St, Garrett Park, MD 20896",-77.096661,39.032726,"Garrett Park, MD 20896",4810 Oxford St,-77.096661,32930.15131,31861159.01,39.032726
129,96,1,95,0,3580033.389,8507.826701,177,8,16,3,2,4,11-Apr,4011,4,11,8507.826747,,ELEMENTARY SCHOOLS,04-11 Ritchie Park ES,,1262803.625,508625.4374,,Ritchie Park ES,"1514 Dunster Rd, Rockville, MD 20854",-77.174437,39.063135,"Rockville, MD 20854",1514 Dunster Rd,-77.174437,8507.826747,3580033.411,39.063135
130,102,1,101,0,431960.4535,4129.001276,171,8,17,3,3,4,Apr-37,4037,4,37,4129.000971,,ELEMENTARY SCHOOLS,04-37 Twinbrook ES,,1278236,510637.4688,,Twinbrook ES,"5911 Ridgway Ave, Rockville, MD 20851",-77.120095,39.068728,"Rockville, MD 20851",5911 Ridgway Ave,-77.120095,4129.000971,431960.4912,39.068728
131,107,1,106,0,85125114.98,49166.41961,166,6,15,1,3,10,1-Oct,10001,10,1,49166.41936,,PRIVATE,10-01 Potomac Methodist Parish Center,,1253830.951,495498.1502,,Potomac Methodist Parish Center,"9908 S Glen Rd, Potomac, MD 20854",-77.205933,39.027041,"Potomac, MD 20854",9908 S Glen Rd,-77.205933,49166.41936,85125114.99,39.027041
132,108,1,107,0,237136.5657,2180.013296,165,8,18,3,2,4,Apr-38,4038,4,38,2180.013263,,ELEMENTARY SCHOOLS,04-38 Twinbrook ES,,1278236,510637.4688,,Twinbrook ES,"5911 Ridgway Ave, Rockville, MD 20851",-77.120095,39.068728,"Rockville, MD 20851",5911 Ridgway Ave,-77.120095,2180.013263,237136.6891,39.068728
133,98,1,97,0,2149654.637,6723.805879,174,8,17,1,3,4,Apr-33,4033,4,33,6723.805441,,ELEMENTARY SCHOOLS,04-33 Garrett Park ES,,1284875.68,497517.3054,,Garrett Park ES,"4810 Oxford St, Garrett Park, MD 20896",-77.096661,39.032726,"Garrett Park, MD 20896",4810 Oxford St,-77.096661,6723.805441,2149654.636,39.032726
134,99,1,98,0,459005.0309,3678.774175,175,8,17,4,3,4,Apr-40,4040,4,40,3678.773797,,CENTER,04-40 Rocking Horse Road Center,,1284636.5,504437.6563,,Rocking Horse Road Center,"4910 Macon Rd, Rockville, MD 20852",-77.097529,39.051726,"Rockville, MD 20852",4910 Macon Rd,-77.097529,3678.773797,459004.9688,39.051726
135,100,1,99,0,13846714.05,23281.33268,173,8,18,4,3,4,15-Apr,4015,4,15,23281.33275,,CENTER,04-15 Rocking Horse Road Center,,1284636.5,504437.6563,,Rocking Horse Road Center,"4910 Macon Rd, Rockville, MD 20852",-77.097529,39.051726,"Rockville, MD 20852",4910 Macon Rd,-77.097529,23281.33275,13846714,39.051726
136,81,1,80,0,33557.77087,864.320218,192,0,0,0,0,0,OOC,OOC, , ,864.3202351,,,,,,,,,,,,,,,864.3202351,33557.7796,
137,84,1,83,0,54903584.17,36006.43535,189,8,16,1,3,4,18-Apr,4018,4,18,36006.43437,,MIDDLE SCHOOLS,04-18 Tilden MS,,1277704.75,499540.8126,,Tilden MS,"11211 Old Georgetown Rd, Rockville, MD 20852",-77.121914,39.038258,"Rockville, MD 20852",11211 Old Georgetown Rd,-77.121914,36006.43437,54903583.71,39.038258
138,85,1,84,0,20650609.43,24347.64399,188,8,18,4,4,4,26-Apr,4026,4,26,24347.64404,,CENTER,04-26 Rocking Horse Road Center,,1284636.5,504437.6563,,Rocking Horse Road Center,"4910 Macon Rd, Rockville, MD 20852",-77.097529,39.051726,"Rockville, MD 20852",4910 Macon Rd,-77.097529,24347.64404,20650609.22,39.051726
139,139,1,138,0,16363225.9,20096.3672,134,8,17,3,5,4,9-Apr,4009,4,9,20096.36619,,ELEMENTARY SCHOOLS,04-09 Meadow Hall ES,,1279290.75,516326.5938,,Meadow Hall ES,"951 Twinbrook Pkwy, Rockville, MD 20851",-77.116406,39.084352,"Rockville, MD 20851",951 Twinbrook Pkwy,-77.116406,20096.36619,16363225.84,39.084352
140,111,1,110,0,45108.81753,1206.811806,162,8,17,3,3,4,Apr-43,4043,4,43,1206.811826,,ELEMENTARY SCHOOLS,04-43 Meadow Hall ES,,1279290.75,516326.5938,,Meadow Hall ES,"951 Twinbrook Pkwy, Rockville, MD 20851",-77.116406,39.084352,"Rockville, MD 20851",951 Twinbrook Pkwy,-77.116406,1206.811826,45108.77788,39.084352
141,113,1,112,0,11743978.81,15664.477,160,6,15,3,3,4,23-Apr,4023,4,23,15664.47679,,PRIVATE,04-23 Potomac Methodist Parish Center,,1253830.951,495498.1502,,Potomac Methodist Parish Center,"9908 S Glen Rd, Potomac, MD 20854",-77.205933,39.027041,"Potomac, MD 20854",9908 S Glen Rd,-77.205933,15664.47679,11743978.7,39.027041
142,114,1,113,0,15548100.21,25400.27878,159,8,18,3,3,4,27-Apr,4027,4,27,25400.27946,,ELEMENTARY SCHOOLS,04-27 Twinbrook ES,,1278236,510637.4688,,Twinbrook ES,"5911 Ridgway Ave, Rockville, MD 20851",-77.120095,39.068728,"Rockville, MD 20851",5911 Ridgway Ave,-77.120095,25400.27946,15548100.32,39.068728
143,115,1,114,0,20424602.07,19199.82293,158,8,17,3,2,4,25-Apr,4025,4,25,19199.82362,,ELEMENTARY SCHOOLS,04-25 Ritchie Park ES,,1262803.625,508625.4374,,Ritchie Park ES,"1514 Dunster Rd, Rockville, MD 20854",-77.174437,39.063135,"Rockville, MD 20854",1514 Dunster Rd,-77.174437,19199.82362,20424602.22,39.063135
144,116,1,115,0,264481.2159,2366.024162,157,8,18,3,2,4,Apr-38,4038,4,38,2366.02402,,ELEMENTARY SCHOOLS,04-38 Twinbrook ES,,1278236,510637.4688,,Twinbrook ES,"5911 Ridgway Ave, Rockville, MD 20851",-77.120095,39.068728,"Rockville, MD 20851",5911 Ridgway Ave,-77.120095,2366.02402,264481.2563,39.068728
145,117,1,116,0,14799059.8,17426.07497,156,8,19,4,4,13,13-43,13043,13,43,17426.07504,,ELEMENTARY SCHOOLS,13-43 Wheaton Woods ES,,1286853.555,510540.2213,,Wheaton Woods ES,"4510 Faroe Pl, Rockville, MD 20853",-77.089743,39.068488,"Rockville, MD 20853",4510 Faroe Pl,-77.089743,17426.07504,14799059.76,39.068488
146,118,1,117,0,1348666.659,4878.645249,155,8,19,3,4,13,13-70,13070,13,70,4878.645294,,ELEMENTARY SCHOOLS,13-70 Wheaton Woods ES,,1286853.555,510540.2213,,Wheaton Woods ES,"4510 Faroe Pl, Rockville, MD 20853",-77.089743,39.068488,"Rockville, MD 20853",4510 Faroe Pl,-77.089743,4878.645294,1348666.642,39.068488
147,121,1,120,0,18704103.91,18564.29033,152,8,17,3,2,4,7-Apr,4007,4,7,18564.29063,,ELEMENTARY SCHOOLS,04-07 Twinbrook ES,,1278236,510637.4688,,Twinbrook ES,"5911 Ridgway Ave, Rockville, MD 20851",-77.120095,39.068728,"Rockville, MD 20851",5911 Ridgway Ave,-77.120095,18564.29063,18704103.84,39.068728
148,122,1,121,0,59955.58714,1032.2496,151,6,17,3,2,4,Apr-42,4042,4,42,1032.249703,,MIDDLE SCHOOLS,04-42 Robert Frost MS,,1259068.875,513300.4376,,Robert Frost MS,"9201 Scott Dr, Rockville, MD 20850",-77.187624,39.075951,"Rockville, MD 20850",9201 Scott Dr,-77.187624,1032.249703,59955.57711,39.075951
149,123,1,122,0,104578.4351,1325.832079,150,6,17,3,2,4,Apr-42,4042,4,42,1325.831925,,MIDDLE SCHOOLS,04-42 Robert Frost MS,,1259068.875,513300.4376,,Robert Frost MS,"9201 Scott Dr, Rockville, MD 20850",-77.187624,39.075951,"Rockville, MD 20850",9201 Scott Dr,-77.187624,1325.831925,104578.4399,39.075951
150,126,1,125,0,59620.25974,981.1907771,147,6,17,3,2,4,Apr-42,4042,4,42,981.1906379,,MIDDLE SCHOOLS,04-42 Robert Frost MS,,1259068.875,513300.4376,,Robert Frost MS,"9201 Scott Dr, Rockville, MD 20850",-77.187624,39.075951,"Rockville, MD 20850",9201 Scott Dr,-77.187624,981.1906379,59620.24825,39.075951
151,127,1,126,0,64874255.51,47245.95362,146,6,15,3,2,4,20-Apr,4020,4,20,47245.95405,,MIDDLE SCHOOLS,04-20 Robert Frost MS,,1259068.875,513300.4376,,Robert Frost MS,"9201 Scott Dr, Rockville, MD 20850",-77.187624,39.075951,"Rockville, MD 20850",9201 Scott Dr,-77.187624,47245.95405,64874255.73,39.075951
152,174,1,173,0,15273198.46,16471.83004,99,8,17,3,2,9,Sep-31,9031,9,31,16471.83019,87,ELEMENTARY SCHOOLS,09-31 Rosemont ES,105,1259778.625,531205.375,Sep-31,Rosemont ES, 16400 Alden Ave Gaithersburg MD 20877,-77.1852515,39.12511527,Gaithersburg MD 20877,16400 Alden Ave,-77.1852515,16471.83019,15273198.62,39.12511527
153,175,1,174,0,48170627.13,43571.39954,98,8,19,4,5,13,13-61,13061,13,61,43571.39906,139,HIGH SCHOOLS,13-61 James Hubert Blake HS,157,1307366.125,526860.3124,13-61,James Hubert Blake HS, 300 Norwood Rd Silver Spring MD 20905,-77.01750613,39.11333046,Silver Spring MD 20905,300 Norwood Rd,-77.01750613,43571.39906,48170627.01,39.11333046
154,177,1,176,0,16845784.46,19657.47541,96,6,17,3,2,9,Sep-40,9040,9,40,19657.47602,213,PRIVATE,09-40 Izaak Walton League,216,1250304.375,529607.0004,Sep-40,Izaak Walton League, 707 Conservation Ln Gaithersburg MD 20878,-77.21863392,39.1206692,GAITHERSBURG MD 20878,707 CONSERVATION LN,-77.21863392,19657.47602,16845784.43,39.1206692
155,179,1,178,0,28279743.83,23152.30378,94,6,17,3,2,9,Sep-35,9035,9,35,23152.30359,101,MIDDLE SCHOOLS,09-35 Lakelands Park MS,109,1246332.583,527692.0685,Sep-35,Lakelands Park MS, 1200 Main St Gaithersburg MD 20878,-77.23261607,39.11538458,Gaithersburg MD 20878,1200 Main St,-77.23261607,23152.30359,28279743.55,39.11538458
156,168,1,167,0,34668877.09,29624.78013,105,6,15,3,2,9,Sep-33,9033,9,33,29624.78044,88,ELEMENTARY SCHOOLS,09-33 Summit Hall ES,251,1256885,532000.7499,Sep-33,Summit Hall ES, 101 W Deer Park Rd Gaithersburg MD 20877,-77.19545728,39.12728249,GAITHERSBURG MD 20877,101 W DEER PARK RD,-77.19545728,29624.78044,34668877.27,39.12728249
157,169,1,168,0,30799928.81,35452.11829,104,8,17,3,2,4,14-Apr,4014,4,14,35452.1193,35,ELEMENTARY SCHOOLS,04-14 College Gardens ES,21,1266138.125,523097.5,14-Apr,College Gardens ES, 1700 Yale Pl Rockville MD 20850,-77.16278381,39.10288738,Rockville MD 20850,1700 Yale Pl,-77.16278381,35452.1193,30799928.84,39.10288738
158,170,1,169,0,70825399.8,39605.69876,103,3,14,5,5,5,19-May,5019,5,19,39605.69874,60,MIDDLE SCHOOLS,05-19 Benjamin Banneker MS,48,1326977,520583.3125,19-May,Benjamin Banneker MS, 14800 Perrywood Dr Burtonsville MD 20866,-76.94840325,39.09608605,Burtonsville MD 20866,14800 Perrywood Dr,-76.94840325,39605.69874,70825400.29,39.09608605
159,172,1,171,0,19627677.28,26883.27056,101,6,15,2,2,6,13-Jun,6013,6,13,26883.271,176,PRIVATE,06-13 Quince Orchard Library,199,1240767.786,527931.9774,13-Jun,Quince Orchard Library, 15831 Quince Orchard Rd Gaithersburg MD 20878,-77.25223113,39.1160027,GAITHERSBURG MD 20878,15831 QUINCE ORCHARD RD,-77.25223113,26883.271,19627677.38,39.1160027
160,182,1,181,0,83578083.6,42271.19963,91,8,14,4,5,5,16-May,5016,5,16,42271.19829,133,ELEMENTARY SCHOOLS,05-16 Stonegate ES,197,1307864.25,521840.0001,16-May,Stonegate ES, 14811 Notley Rd Silver Spring MD 20905,-77.01574752,39.09954677,SILVER SPRING MD 20905,14811 NOTLEY RD,-77.01574752,42271.19829,83578083.91,39.09954677
161,183,1,182,0,381680728.4,117447.2659,90,6,15,1,2,6,9-Jun,6009,6,9,117447.2648,94,ELEMENTARY SCHOOLS,06-09 Darnestown ES,53,1231526.5,523055.4062,9-Jun,Darnestown ES, 15030 Turkey Foot Rd Gaithersburg MD 20878,-77.28474802,39.10253886,Gaithersburg MD 20878,15030 Turkey Foot Rd,-77.28474802,117447.2648,381680728.7,39.10253886
162,147,1,146,0,29008552.81,31089.56046,126,6,19,3,5,13,13-51,13051,13,51,31089.55953,43,ELEMENTARY SCHOOLS,13-51 Rock Creek Valley ES,152,1283206.75,515906.4374,13-51,Rock Creek Valley ES, 5121 Russett Rd Rockville MD 20853,-77.10260855,39.08321143,Rockville MD 20853,5121 Russett Rd,-77.10260855,31089.55953,29008552.76,39.08321143
163,148,1,147,0,40723083.91,35536.01537,125,6,15,2,2,6,6-Jun,6006,6,6,35536.01602,223,ELEMENTARY SCHOOLS,06-06 Travilah ES,54,1241734.218,515754.0423,6-Jun,Travilah ES, 13801 Dufief Mill Rd North Potomac MD 20878,-77.24870805,39.0825739,North Potomac MD 20878,13801 DuFief Mill Rd,-77.24870805,35536.01602,40723083.94,39.0825739
164,149,1,148,0,9943645.448,14799.01484,124,8,19,4,5,13,13-64,13064,13,64,14799.0144,207,PRIVATE,13-64 St.Matthew Presbyterian Ch,235,1290045.778,519936.7321,13-64,St. Matthew Presbyterian Church, 4001 Bel Pre Rd Silver Spring MD 20906,-77.07852792,39.09429582,SILVER SPRING MD 20906,4001 BEL PRE RD,-77.07852792,14799.0144,9943645.646,39.09429582
165,150,1,149,0,9639527.832,15032.1395,123,6,15,3,2,4,Apr-35,4035,4,35,15032.13923,170,PRIVATE,04-35 Shady Grove Conf Ctr,188,1255284.79,520078.1829,Apr-35,Shady Grove Conference Center, 9630 Gudelsky Dr Rockville MD 20850,-77.20100552,39.09453806,ROCKVILLE MD 20850,9630 GUDELSKY DR,-77.20100552,15032.13923,9639527.989,39.09453806
166,152,1,151,0,17609063.1,18877.63097,121,8,19,4,4,13,13-49,13049,13,49,18877.63089,205,PRIVATE,13-Mid-County Comm Rec Ctr,234,1300109.301,517240.3036,13-49,Mid-County Community Rec Center, 2004 Queensguard Rd Silver Spring MD 20906,-77.04306565,39.08691079,SILVER SPRING MD 20906,2004 QUEENSGUARD RD,-77.04306565,18877.63089,17609062.81,39.08691079
167,153,1,152,0,9817427.065,15988.86174,120,8,15,3,2,6,14-Jun,6014,6,14,15988.86178,230,ELEMENTARY SCHOOLS,06-14 Stone Mill ES,57,1251463.375,519030.5312,14-Jun,Stone Mill Elementary School,14323 Stonebridge View Dr North Potomac MD 20878,-77.21446122,39.09163772,North Potomac MD 20878,14323 Stonebridge View Dr,-77.21446122,15988.86178,9817426.964,39.09163772
168,154,1,153,0,15111015.49,20540.83559,119,6,15,3,2,6,8-Jun,6008,6,8,20540.83568,98,ELEMENTARY SCHOOLS,06-08 Nancy H Dacek N Potomac Ctr,200,1246326.094,515946.3201,8-Jun,Nancy H.Dacek N. Potomac Community Rec Center, 13850 Travilah Rd Rockville MD 20850,-77.23253349,39.08313506,ROCKVILLE MD 20850,13850 TRAVILAH RD,-77.23253349,20540.83568,15111015.61,39.08313506
169,155,1,154,0,19691296.76,20489.72683,118,6,19,3,5,13,13-52,13052,13,52,20489.72718,42,MIDDLE SCHOOLS,13-52 Earle B. Wood MS,229,1281814.25,519580.5937,13-52,Earle B. Wood MS, 14615 Bauer Dr Rockville MD 20853,-77.10752936,39.09329496,ROCKVILLE MD 20853,14615 BAUER DR,-77.10752936,20489.72718,19691296.67,39.09329496
170,156,1,155,0,35209100.17,33868.67693,117,8,17,3,2,4,3-Apr,4003,4,3,33868.67722,154,CENTER,04-03 Carver Educational Services Center,170,1267477.73,520276.303,3-Apr,Carver Educational Services Center, 850 Hungerford Dr Rockville MD 20850,-77.15804608,39.09514787,ROCKVILLE MD 20850,850 HUNGERFORD DR,-77.15804608,33868.67722,35209100.08,39.09514787
171,159,1,158,0,11444403.78,19273.98858,111,8,19,3,5,13,13-71,13071,13,71,24568.63312,210,PRIVATE,13-71 Inter-Faith Chapel,264,1291435.694,521130.8929,13-71,Inter-Faith Chapel, 3680 S Leisure World Blvd Silver Spring MD 20906,-77.07363409,39.09757773,SILVER SPRING MD 20906,3680 N LEISURE WORLD BLVD,-77.07363409,24568.63312,7772219.871,39.09757773
172,160,1,159,0,66679066.84,42792.93507,113,8,17,3,5,4,1-Apr,4001,4,1,42792.93513,33,HIGH SCHOOLS,04-01 Rockville HS,12,1278660.15,517224.2801,1-Apr,Rockville HS,2100 Baltimore Rd Rockville MD 20851,-77.11863156,39.08681463,Rockville MD 20851,2100 Baltimore Rd,-77.11863156,42792.93513,66679066.58,39.08681463
173,161,1,160,0,26790005.43,26561.93404,112,6,15,2,2,6,4-Jun,6004,6,4,26561.93457,99,ELEMENTARY SCHOOLS,06-04 Dufief ES,50,1244924.75,522760.2498,4-Jun,Dufief ES, 15001 Dufief Dr Gaithersburg MD 20878,-77.23753265,39.10183371,Gaithersburg MD 20878,15001 Dufief Dr,-77.23753265,26561.93457,26790005.3,39.10183371
174,162,1,161,0,11444403.78,19273.98858,111,8,19,3,5,13,13-54,13054,13,54,19273.9886,206,PRIVATE,13-54 Leisure World Clubhouse I,260,1291495.835,522475.9488,13-54,Leisure World Clubhouse I, 3700 Rossmoor Blvd Silver Spring MD 20906,-77.07342599,39.1012709,SILVER SPRING MD 20906,3700 ROSSMOOR BLVD,-77.07342599,19273.9886,11444403.75,39.1012709
175,163,1,162,0,57201903.1,35225.53167,110,8,14,5,5,5,1-May,5001,5,1,35225.533,216,Elementary School,05-01 Dr.Charles Drew ES,38,1315891.001,518781.0009,1-May,Dr. Charles Drew ES, 1200 Swingingdale Dr Silver Spring MD 20905,-76.98746548,39.09114824,Silver Spring MD 20905,1200 Swingingdale Dr,-76.98746548,35225.533,57201903.13,39.09114824
176,164,1,163,0,24194835.83,24397.67379,109,6,19,3,5,13,13-46,13046,13,46,24397.67447,3,ELEMENTARY SCHOOLS,13-46 English Manor School,149,1286506.999,519046.9999,13-46,English Manor School,4511 Bestor Dr Rockville MD 20853,-77.09099331,39.09184391,Rockville MD 20853,4511 Bestor Dr,-77.09099331,24397.67447,24194835.82,39.09184391
177,209,1,208,0,16632901.76,25850.48493,64,6,17,3,1,9,20-Sep,9020,9,20,25850.48574,85,MIDDLE SCHOOLS,09-20 Gaithersburg MS,96,1259134.125,537999.1876,20-Sep,Gaithersburg MS, 2 Teachers Way Gaithersburg MD 20877,-77.18757251,39.14376481,Gaithersburg MD 20877,2 Teachers Way,-77.18757251,25850.48574,16632901.75,39.14376481
178,211,1,210,0,17697526.74,30077.71457,62,6,17,3,1,9,1-Sep,9001,9,1,30077.7156,89,ELEMENTARY SCHOOLS,09-01 Gaithersburg ES,246,1257863.75,537931.4374,1-Sep,Gaithersburg ES, 35 N Summit Ave Gaithersburg MD 20877,-77.19205115,39.14357154,GAITHERSBURG MD 20877,35 S SUMMIT AVE,-77.19205115,30077.7156,17697526.92,39.14357154
179,212,1,211,0,32212229.69,26397.99955,61,3,14,4,5,8,1-Aug,8001,8,1,26397.99926,231,ELEMENTARY SCHOOLS,08-01 Olney ES,210,1292948.256,539888.9526,1-Aug,Olney Elementary School,3401 Queen Mary Dr Olney MD 20832,-77.06835398,39.14908349,Olney MD 20832,3401 Queen Mary Dr,-77.06835398,26397.99926,32212229.02,39.14908349
180,213,1,212,0,35261458.58,26746.62087,60,6,17,3,2,9,24-Sep,9024,9,24,26746.62095,191,PRIVATE,09-24 St.Rose of Lima,215,1243756.678,540250.0691,24-Sep,St. Rose of Lima Parish, 11701 Clopper Rd Gaithersburg MD 20878,-77.2418119,39.14984553,GAITHERSBURG MD 20878,11701 CLOPPER RD,-77.2418119,26746.62095,35261458.77,39.14984553
181,214,1,213,0,67747891.38,44281.57448,59,6,39,2,2,6,7-Jun,6007,6,7,44281.57529,74,ELEMENTARY SCHOOLS,06-07 Spark M Matsunaga ES,51,1229317.5,540606.1249,7-Jun,Spark M Matsunaga ES, 13902 Bromfield Rd Germantown MD 20874,-77.29273039,39.15070705,Germantown MD 20874,13902 Bromfield Road,-77.29273039,44281.57529,67747890.92,39.15070705
182,215,1,214,0,15798209.22,18383.0601,58,3,14,4,5,8,11-Aug,8011,8,11,18383.05992,26,ELEMENTARY SCHOOLS,08-11 Brooke Grove ES,82,1297992.75,542712.125,11-Aug,Brooke Grove ES, 2700 Spartan Rd Olney MD 20832,-77.05057204,39.15684382,Olney MD 20832,2700 Spartan Rd,-77.05057204,18383.05992,15798209.29,39.15684382
183,216,1,215,0,1293324677,169268.806,57,6,15,1,1,3,2-Mar,3002,3,2,169268.8038,29,MIDDLE SCHOOLS,03-02 John Poole Middle School,11,1195781.125,531756.125,2-Mar,John Poole Middle School, 17014 Tom Fox Ave Poolesville MD 20837,-77.41084452,39.12605373,Poolesville MD 20837,17014 Tom Fox Ave,-77.41084452,169268.8038,1293324677,39.12605373
184,218,1,217,0,13875927.08,21891.82401,55,6,39,2,1,9,7-Sep,9007,9,7,21891.82514,90,ELEMENTARY SCHOOLS,09-07 South Lake ES,91,1256474.5,542394.1876,7-Sep,South Lake ES, 18201 Contour Rd Gaithersburg MD 20877,-77.19698336,39.15581633,Gaithersburg MD 20877,18201 Contour Rd,-77.19698336,21891.82514,13875927.07,39.15581633
185,180,1,179,0,20954971.95,26392.4098,93,6,17,3,2,9,6-Sep,9006,9,6,26392.40934,92,ELEMENTARY SCHOOLS,09-06 Fields Road ES,247,1251265.625,528922.1876,6-Sep,Fields Road ES, One School Dr Gaithersburg MD 20878,-77.21524012,39.11879524,GAITHERSBURG MD 20878,1 SCHOOL DR,-77.21524012,26392.40934,20954972.13,39.11879524
186,181,1,180,0,27123361.09,29912.19555,92,6,19,3,2,4,19-Apr,4019,4,19,29912.19648,215,ELEMENTARY SCHOOL,04-19 Candlewood ES,23,1270692.692,532522.5083,19-Apr,Candlewood ES, 7210 Osprey Dr Rockville MD 20855,-77.14678775,39.12878611,Rockville MD 20855,7210 Osprey Dr,-77.14678775,29912.19648,27123361.2,39.12878611
187,184,1,183,0,18783110.76,23284.2339,89,6,17,3,2,9,27-Sep,9027,9,27,23284.23364,91,ELEMENTARY SCHOOLS,09-27 Rachel Carson ES,168,1242242.875,528319.3125,27-Sep,Rachel Carson ES, 100 Tschiffely Square Rd Gaithersburg MD 20878,-77.24703593,39.11707725,Gaithersburg MD 20878,100 Tschiffely Square Rd,-77.24703593,23284.23364,18783110.8,39.11707725
188,185,1,184,0,123206847.4,53615.66899,88,3,14,5,5,5,15-May,5015,5,15,53615.66925,1,ELEMENTARY SCHOOLS,05-15 Cloverly ES,195,1313966.889,524795.0826,15-May,Cloverly Elementary School,800 Briggs Chaney Rd Silver Spring MD 20905,-76.99424325,39.10766126,Silver Spring MD 20905,800 Briggs Chaney Rd,-76.99424325,53615.66925,123206847.3,39.10766126
189,186,1,185,0,20031535.79,26567.11302,87,6,19,3,2,9,10-Sep,9010,9,10,26567.11365,82,ELEMENTARY SCHOOLS,09-10 Washington Grove ES,93,1261914.75,533886.6875,10-Sep,Washington Grove ES, 8712 Oakmont St Gaithersburg MD 20877,-77.17774023,39.13248878,Gaithersburg MD 20877,8712 Oakmont St,-77.17774023,26567.11365,20031535.91,39.13248878
190,187,1,186,0,24962245.63,25041.7479,86,6,17,3,2,9,13-Sep,9013,9,13,25041.74925,97,ELEMENTARY SCHOOLS,09-13 Diamond ES,94,1244563.75,535099.0626,13-Sep,Diamond ES, 4 Marquis Dr Gaithersburg MD 20878,-77.23891852,39.13570876,Gaithersburg MD 20878,4 Marquis Dr,-77.23891852,25041.74925,24962245.79,39.13570876
191,188,1,187,0,55374823.04,41125.19583,85,6,17,3,2,9,2-Sep,9002,9,2,41125.19619,86,HIGH SCHOOLS,09-02 Gaithersburg HS,88,1256885.125,534753.125,2-Sep,Gaithersburg HS, 101 Education Blvd Gaithersburg MD 20877,-77.19547762,39.13483945,Gaithersburg MD 20877,101 Education Blv,-77.19547762,41125.19619,55374822.43,39.13483945
192,191,1,190,0,126149121.6,67528.65313,82,6,19,3,5,4,Apr-34,4034,4,34,67528.6538,169,PRIVATE,04-34 Shady Grove Presbyterian,187,1270956.833,534288.7886,Apr-34,Shady Grove Presbyterian Church, 16911 Redland Rd Derwood MD 20855,-77.14586657,39.13363679,DERWOOD MD 20855,16911 REDLAND RD,-77.14586657,67528.6538,126149121.7,39.13363679
193,192,1,191,0,214906193.1,92275.64976,81,3,14,5,5,5,18-May,5018,5,18,92275.64946,59,ELEMENTARY SCHOOLS,05-18 Burtonsville ES,194,1330375.25,526153.4375,18-May,Burtonsville ES, 15516 Old Columbia Pike Burtonsville MD 20866,-76.93641589,39.1113737,BURTONSVILLE MD 20866,15516 OLD COLUMBIA PIKE,-76.93641589,92275.64946,214906192.6,39.1113737
194,193,1,192,0,191103235.7,65661.80612,80,6,15,2,2,6,1-Jun,6001,6,1,65661.80631,93,ELEMENTARY SCHOOLS,06-01 Jones Lane ES,190,1236941.472,523338.4965,1-Jun,Jones Lane ES, 15110 Jones Ln Gaithersburg MD 20878,-77.2656697,39.10336095,GAITHERSBURG MD 20878,15110 JONES LN,-77.2656697,65661.80631,191103235.4,39.10336095
195,194,1,193,0,35750276.69,26945.84237,79,3,14,4,5,8,9-Aug,8009,8,9,26945.84229,45,ELEMENTARY SCHOOLS,08-09 Cashell ES,81,1287963.154,535606.5293,9-Aug,Cashell ES, 17101 Cashell Rd Rockville MD 20853,-77.08591779,39.13731407,Rockville MD 20853,17101 Cashell Rd,-77.08591779,26945.84229,35750277.1,39.13731407
196,195,1,194,0,24520921.31,26932.47171,78,6,19,3,2,9,Sep-36,9036,9,36,26932.47174,84,MIDDLE SCHOOLS,09-36 Shady Grove MS,107,1266203,537763.5001,Sep-36,Shady Grove MS, 8100 Midcounty Hwy Gaithersburg MD 20877,-77.16264728,39.14315493,Gaithersburg MD 20877,8100 Midcounty Hwy,-77.16264728,26932.47174,24520921.25,39.14315493
197,196,1,195,0,30966500.1,28519.28244,77,6,19,3,2,9,14-Sep,9014,9,14,28519.2822,189,PRIVATE,09-14 Neighborhood Church (Derwood Alliance),212,1269192.842,531602.7524,14-Sep,Neighborhood  Church (Derwood Alliance), 16501 Redland Rd Rockville MD 20855,-77.15206947,39.12625407,ROCKVILLE MD 20855,16501 REDLAND RD,-77.15206947,28519.2822,30966500.14,39.12625407
198,198,1,197,0,47426393.59,32927.95584,75,6,17,3,2,9,16-Sep,9016,9,16,32927.95612,190,PRIVATE,09-16 WSSC Depot,248,1254297.949,536435.8933,16-Sep,WSSC Gaithersburg Depot, 111 W Diamond Ave Gaithersburg MD 20877,-77.20461174,39.1394441,GAITHERSBURG MD 20877,111 W DIAMOND AVE,-77.20461174,32927.95612,47426393.29,39.1394441
199,199,1,198,0,20484202.31,22289.26089,74,6,17,3,2,9,3-Sep,9003,9,3,22289.261,96,ELEMENTARY SCHOOLS,09-03 Brown Station ES,86,1246913.25,536230.9998,3-Sep,Brown Station ES, 851 Quince Orchard Blvd Gaithersburg MD 20878,-77.23064558,39.13883321,Gaithersburg MD 20878,851 Quince Orchard Blv,-77.23064558,22289.261,20484202.37,39.13883321
200,202,1,201,0,15487719.34,17843.56124,71,3,14,4,5,8,10-Aug,8010,8,10,17843.56141,188,MIDDLE SCHOOLS,08-10 William H. Farquhar MS,213,1299857.931,535269.9999,10-Aug,William H. Farquhar MS, 17017 Batchellors Forest Rd Olney MD 20832,-77.04398184,39.13641333,OLNEY MD 20832,17017 BATCHELLORS FOREST RD,-77.04398184,17843.56141,15487719.24,39.13641333
201,203,1,202,0,89285991.59,49432.79625,70,6,39,3,2,6,3-Jun,6003,6,3,49432.79753,100,MIDDLE SCHOOLS,06-03 Ridgeview MS,49,1241621.5,532174.1876,3-Jun,Ridgeview MS, 16600 Raven Rock Dr Gaithersburg MD 20878,-77.24926308,39.12765661,Gaithersburg MD 20878,16600 Raven Rock Dr,-77.24926308,49432.79753,89285991.86,39.12765661
202,204,1,203,0,12401277.05,18355.62734,69,6,17,3,1,9,28-Sep,9028,9,28,18355.62775,192,PRIVATE,09-28 Asbury 417 Comm Bldg,214,1255348.041,540404.0831,28-Sep,Asbury 417 Community Building, 417 Russell Ave Gaithersburg MD 20877,-77.2009403,39.15034557,GAITHERSBURG MD 20877,417 RUSSELL AVE,-77.2009403,18355.62775,12401277.18,39.15034557
203,206,1,205,0,21021794.96,19032.09171,67,6,19,4,1,9,4-Sep,9004,9,4,19032.09173,54,ELEMENTARY SCHOOLS,09-04 Mill Creek Towne ES,90,1268713.875,538949,4-Sep,Mill Creek Towne ES, 17700 Park Mill Dr Rockville MD 20855,-77.15380145,39.14642179,Rockville MD 20855,17700 Park Mill Dr,-77.15380145,19032.09173,21021794.99,39.14642179
204,207,1,206,0,24102594.52,24955.52035,66,6,39,2,2,6,10-Jun,6010,6,10,24955.52055,70,ELEMENTARY SCHOOLS,06-10 Great Seneca Creek ES,55,1235883.995,541212.5667,10-Jun,Great Seneca Creek ES, 13010 Dairymaid Dr Germantown MD 20874,-77.26958207,39.15242761,Germantown MD 20874,13010 Dairymaid Dr,-77.26958207,24955.52055,24102594.64,39.15242761
205,236,1,235,0,31455570.6,31261.19368,37,6,15,2,1,2,4-Feb,2004,2,4,31261.19296,69,ELEMENTARY SCHOOLS,02-04 Lake Seneca ES,101,1232069.208,552506.0001,4-Feb,Lake Seneca ES, 13600 Wanegarden Dr Germantown MD 20874,-77.28315753,39.18340292,Germantown MD 20874,13600 Wanegarden Dr,-77.28315753,31261.19296,31455570.25,39.18340292
206,237,1,236,0,23164917.51,20503.41184,36,6,39,2,1,9,9-Sep,9009,9,9,20503.41143,9,ELEMENTARY SCHOOL,09-09 Whetstone ES,249,1256561,548143.0001,9-Sep,Whetstone Elementary School,19201 Thomas Farm Rd Gaithersburg MD 20879,-77.19672201,39.17160071,Gaithersburg MD 20879,19201 Thomas Farm Rd,-77.19672201,20503.41143,23164917.72,39.17160071
207,238,1,237,0,72543991.96,66915.21281,35,3,14,4,5,8,2-Aug,8002,8,2,66915.21255,27,ELEMENTARY SCHOOLS,08-02 Greenwood ES,76,1293998.721,545822.1057,2-Aug,Greenwood ES, 3336 Gold Mine Rd Brookeville MD 20833,-77.06466474,39.16537565,Brookeville MD 20833,3336 Gold Mine Rd,-77.06466474,66915.21255,72543992.07,39.16537565
208,239,1,238,0,38588549.6,31206.54028,6,6,39,4,1,1,6-Jan,1006,1,6,32350.14885,163,PRIVATE,01-06 Laytonsville Golf Course,178,1271544.904,557405.1643,6-Jan,Laytonsville Golf Course, 7130 Dorsey Rd Laytonsville MD 20882,-77.1439219,39.19710743,GAITHERSBURG MD 20882,7130 DORSEY RD,-77.1439219,32350.14885,26290344.26,39.19710743
209,243,1,242,0,30431363.29,27369.08969,30,6,39,2,1,9,12-Sep,9012,9,12,27369.08932,105,HIGH SCHOOLS,09-12 Watkins Mill HS,95,1251152.625,552659.1875,12-Sep,Watkins Mill HS, 10301 Apple Ridge Rd Gaithersburg MD 20879,-77.2158362,39.1839667,Gaithersburg MD 20879,10301 Apple Ridge Rd,-77.2158362,27369.08932,30431363.06,39.1839667
210,244,1,243,0,16149408.32,21478.03546,29,6,15,2,1,2,5-Feb,2005,2,5,21478.03493,72,MIDDLE SCHOOLS,02-05 Martin Luther King MS,102,1231515.75,551600.7499,5-Feb,Dr Martin Luther King MS, 13737 Wisteria Dr Germantown MD 20874,-77.28510005,39.18091276,Germantown MD 20874,13737 Wisteria Dr,-77.28510005,21478.03493,16149408.29,39.18091276
211,245,1,244,0,42080020.1,48788.14196,28,6,39,2,1,9,30-Sep,9030,9,30,48788.1428,79,ELEMENTARY SCHOOLS,09-30 Capt James E Daly ES,103,1246452.625,554683.0625,30-Sep,Capt James E Daly ES, 20301 Brandermill Dr Germantown MD 20876,-77.2324352,39.18949171,Germantown MD 20876,20301 Brandermill Dr,-77.2324352,48788.1428,42080020.33,39.18949171
212,248,1,247,0,175450851.7,69932.84394,25,6,19,4,1,1,5-Jan,1005,1,5,69932.8445,162,PRIVATE,01-05 Agricultural History Farm Park,179,1274444.21,545507.7566,5-Jan,Agricultural History Farm Park, 18400 Muncaster Rd Derwood MD 20855,-77.13363027,39.16445426,DERWOOD MD 20855,18400 MUNCASTER RD,-77.13363027,69932.8445,175450852.3,39.16445426
213,249,1,248,0,153955441.7,59521.25765,24,3,14,4,5,8,5-Aug,8005,8,5,59521.2573,24,ELEMENTARY SCHOOLS,08-05 Belmont ES,80,1293396,550632.3749,5-Aug,Belmont ES, 19528 Olney Mill Rd Olney MD 20832,-77.0668029,39.17858147,Olney MD 20832,19528 Olney Mill Rd,-77.0668029,59521.2573,153955441.6,39.17858147
214,251,1,250,0,665095235.2,154826.2563,22,6,15,1,1,3,1-Mar,3001,3,1,154826.2566,28,ELEMENTARY SCHOOLS,03-01 Poolesville ES,9,1196785.375,538299.4374,1-Mar,Poolesville ES, 19565 Fisher Ave Poolesville MD 20837,-77.40740754,39.14403132,Poolesville MD 20837,19565 Fisher Ave,-77.40740754,154826.2566,665095235.8,39.14403132
215,252,1,251,0,128170237.7,58917.95398,21,6,14,2,1,1,2-Jan,1002,1,2,58917.95373,107,ELEMENTARY SCHOOLS,01-02 Goshen ES,1,1261349.625,556427.4374,2-Jan,Goshen ES, 8701 Warfield Rd Gaithersburg MD 20882,-77.17988904,39.19437337,Gaithersburg MD 20882,8701 Warfield Rd,-77.17988904,58917.95373,128170237.7,39.19437337
216,253,1,252,0,370739574.8,159716.7093,20,3,14,4,5,8,7-Aug,8007,8,7,159716.7095,57,ELEMENTARY SCHOOLS,08-07 Sherwood ES,83,1302941.625,540065.7502,7-Aug,Sherwood ES, 1401 Olney-Sandy Spring Rd Sandy Spring MD 20860,-77.03311646,39.14958416,Sandy Spring MD 20860,1401 Olney Sandy Spring Rd,-77.03311646,159716.7095,370739575.1,39.14958416
217,254,1,253,0,33850080.35,26432.87873,19,6,15,2,1,2,11-Feb,2011,2,11,26432.87818,214,ELEMENTARY SCHOOL,02-11 Wilson Wims ES,10,1238260.334,572405.2988,11-Feb,Wilson Wims ES, 12520 Blue Sky Dr Clarksburg MD 20871,-77.26151757,39.2380881,Clarksburg MD 20871,12520 Blue Sky Dr,-77.26151757,26432.87818,33850080.52,39.2380881
218,246,1,245,0,32869250.63,29833.28291,27,6,15,2,1,2,3-Feb,2003,2,3,29833.28299,73,ELEMENTARY SCHOOLS,02-03 Waters Landing ES,46,1236197.5,554389.4376,3-Feb,Waters Landing ES, 13100 Waters Landing Dr Germantown MD 20874,-77.26861329,39.18860827,Germantown MD 20874,13100 Waters Landing Dr,-77.26861329,29833.28299,32869251.04,39.18860827
219,247,1,246,0,42527657.64,31478.46167,26,6,39,2,1,9,25-Sep,9025,9,25,31478.46185,78,ELEMENTARY SCHOOLS,09-25 Dr Sally K Ride ES,100,1245071.25,560997.2499,25-Sep,Dr Sally K Ride ES, 21301 Seneca Crossing Dr Germantown MD 20876,-77.23736676,39.20681793,Germantown MD 20876,21301 Seneca Crossing Dr,-77.23736676,31478.46185,42527657.79,39.20681793
220,250,1,249,0,67293293.37,38504.46831,23,6,39,2,1,2,1-Feb,2001,2,1,38504.46855,63,MIDDLE SCHOOLS,02-01 Rocky Hill MS,47,1237688.59,566504.2723,1-Feb,Rocky Hill MS, 22401 Brick Haven Way Clarksburg MD 20871,-77.263476,39.22188211,Clarksburg MD 20871,22401 Brick Haven Way,-77.263476,38504.46855,67293293.35,39.22188211
221,240,1,239,0,34437103.52,30915.61397,33,6,39,2,1,9,18-Sep,9018,9,18,30915.61351,80,ELEMENTARY SCHOOLS,09-18 Fox Chapel ES,97,1243601.681,548372.1043,18-Sep,Fox Chapel ES, 19315 Archdale Rd Germantown MD 20876,-77.2424345,39.17214415,Germantown MD 20876,19315 Archdale Rd,-77.2424345,30915.61351,34437103.62,39.17214415
222,241,1,240,0,16441817.24,20811.18957,32,6,39,2,1,9,Sep-34,9034,9,34,20811.18985,81,MIDDLE SCHOOLS,09-34 Neelsville MS,106,1244154.25,556364.8751,Sep-34,Neelsville MS, 11700 Neelsville Church Rd Germantown MD 20876,-77.24055975,39.19409288,Germantown MD 20876,11700 Neelsville Church Rd,-77.24055975,20811.18985,16441817.14,39.19409288
223,242,1,241,0,26896283.26,29406.94501,31,6,39,2,1,1,3-Jan,1003,1,3,29406.94393,161,PRIVATE,01-03 Gaithersburg Ch of Nazarene,171,1260148.997,556736.3824,3-Jan,Gaithersburg Church of the Nazarene, 8921 Warfield Rd Gaithersburg MD 20882,-77.18412748,39.19521503,GAITHERSBURG MD 20882,8921 WARFIELD RD,-77.18412748,29406.94393,26896283.15,39.19521503
224,220,1,219,0,36446389.27,35737.19198,53,6,17,3,1,9,15-Sep,9015,9,15,35737.19093,111,ELEMENTARY SCHOOLS,09-15 Watkins Mill ES,252,1252502.25,546556.8751,15-Sep,Watkins Mill ES, 19001 Watkins Mill Rd Montgomery Village MD 20886,-77.21102519,39.16722099,MONTGOMERY VILLAGE MD 20886,19001 WATKINS MILL RD,-77.21102519,35737.19093,36446389.12,39.16722099
225,221,1,220,0,20591288.12,21021.61033,52,6,39,2,2,9,26-Sep,9026,9,26,21021.61042,68,ELEMENTARY SCHOOLS,09-26 Clopper Mill ES,166,1238127.75,543610.9999,26-Sep,Clopper Mill ES, 18501 Cinnamon Dr Germantown MD 20874,-77.26169424,39.15903065,Germantown MD 20874,18501 Cinnamon Dr,-77.26169424,21021.61042,20591288.2,39.15903065
226,222,1,221,0,15173542.26,19380.84654,51,6,39,2,1,9,21-Sep,9021,9,21,19380.84689,83,MIDDLE SCHOOLS,09-21 Forest Oak MS,98,1260022.5,541565.7501,21-Sep,Forest Oak MS, 651 Saybrooke Oaks Blvd Gaithersburg MD 20877,-77.18446565,39.15356213,Gaithersburg MD 20877,651 Saybrooke Oaks Blv,-77.18446565,19380.84689,15173542.26,39.15356213
227,224,1,223,0,18214840.99,21990.99859,49,6,39,2,1,9,29-Sep,9029,9,29,21990.99796,71,MIDDLE SCHOOLS,09-29 Roberto W Clemente MS,104,1242023,546074.0624,29-Sep,Roberto W Clemente MS, 18808 Waring Station Rd Germantown MD 20874,-77.24798087,39.16582305,Germantown MD 20874,18808 Waring Station Rd,-77.24798087,21990.99796,18214840.72,39.16582305
228,225,1,224,0,11793252.72,16995.27928,48,6,39,2,2,9,Sep-41,9041,9,41,16995.27933,217,Elementary School,09-41 Germantown ES,111,1233958.16,547553.9802,Sep-41,Germantown ES, 19110 Liberty Mill Rd Germantown MD 20874,-77.27644079,39.16982268,Germantown MD 20874,19110 Liberty Mill Road,-77.27644079,16995.27933,11793252.79,39.16982268
229,226,1,225,0,59925742.05,44592.04436,47,3,19,4,5,8,12-Aug,8012,8,12,44592.04299,25,FORMER,08-12 Rosa M Parks MS,85,1289314,548237.9374,12-Aug,Rosa M Parks MS, 19200 Olney Mill Rd Olney MD 20832,-77.08119495,39.17199826,Olney MD 20832,19200 Olney Mill Rd,-77.08119495,44592.04299,59925742.25,39.17199826
230,229,1,228,0,82277666.39,52032.32697,44,8,19,4,5,8,4-Aug,8004,8,4,52032.3252,56,ELEMENTARY SCHOOLS,08-04 Sequoyah ES,79,1278936.25,536334.5623,4-Aug,Sequoyah ES, 17301 Bowie Mill Rd Derwood MD 20855,-77.11774569,39.13928532,Derwood MD 20855,17301 Bowie Mill Rd,-77.11774569,52032.3252,82277666.34,39.13928532
231,227,1,226,0,22430483.4,28868.2947,46,6,39,2,1,9,5-Sep,9005,9,5,28868.29646,109,MIDDLE SCHOOLS,09-05 Montgomery Village MS,250,1252959.125,548482.3126,5-Sep,Montgomery Village MS, 19300 Watkins Mill Rd Montgomery Village MD 20886,-77.20942937,39.17251032,MONTGOMERY VILLAGE MD 20886,19300 WATKINS MILL RD,-77.20942937,28868.29646,22430483.78,39.17251032
232,228,1,227,0,28393232.54,23120.87056,45,6,15,2,2,2,2-Feb,2002,2,2,23120.87015,76,MIDDLE SCHOOLS,02-02 Kingsview MS,2,1231514.625,546227.7499,2-Feb,Kingsview MS, 18909 Kingsview Rd Germantown MD 20874,-77.28504483,39.16616078,Germantown MD 20874,18909 Kingsview Rd,-77.28504483,23120.87015,28393232.59,39.16616078
233,231,1,230,0,27399132.65,23799.49292,42,6,39,2,1,9,8-Sep,9008,9,8,23799.49199,75,HIGH SCHOOLS,09-08 Seneca Valley HS,92,1237396.75,549463.6251,8-Sep,Seneca Valley HS, 19401 Crystal Rock Dr Germantown MD 20874,-77.26433194,39.17509372,Germantown MD 20874,19401 Crystal Rock Dr,-77.26433194,23799.49199,27399132.45,39.17509372
234,233,1,232,0,38588549.6,31206.54028,40,6,39,4,1,1,4-Jan,1004,1,4,31206.5406,106,ELEMENTARY SCHOOLS,01-04 Judith A Resnik ES,5,1269250.125,551752.2499,4-Jan,Judith A Resnik ES, 7301 Hadley Farms Dr Gaithersburg MD 20879,-77.1519858,39.18157674,Gaithersburg MD 20879,7301 Hadley Farms Dr,-77.1519858,31206.5406,38588549.4,39.18157674
235,234,1,233,0,25586047.51,29465.1554,39,6,39,2,1,9,11-Sep,9011,9,11,29465.15589,110,ELEMENTARY SCHOOLS,09-11 Stedwick ES,254,1252460.875,549158.4999,11-Sep,Stedwick ES, 10631 Stedwick Rd Montgomery Village MD 20886,-77.21119234,39.1743637,MONTGOMERY VILLAGE MD 20886,10631 STEDWICK RD,-77.21119234,29465.15589,25586047.25,39.1743637
236,235,1,234,0,25506343.19,24441.36219,38,6,39,2,1,9,22-Sep,9022,9,22,24441.36232,104,ELEMENTARY SCHOOLS,09-22 Strawberry Knoll ES,99,1260634.556,546018.6597,22-Sep,Strawberry Knoll ES, 18820 Strawberry Knoll Rd Gaithersburg MD 20879,-77.18233871,39.16579138,Gaithersburg MD 20879,18820 Strawberry Knoll Rd,-77.18233871,24441.36232,25506342.95,39.16579138
237,255,1,254,0,10561879.37,13133.58416,18,6,15,2,1,2,10-Feb,2010,2,10,13133.58434,64,ELEMENTARY SCHOOLS,02-10 Little Bennett ES,8,1234304.48,575391.4822,10-Feb,Little Bennett ES, 23930 Burdette Forest Rd Clarksburg MD 20871,-77.27551561,39.24625479,Clarksburg MD 20871,23930 Burdette Forest Rd,-77.27551561,13133.58434,10561879.51,39.24625479
238,256,1,255,0,122177809.6,62129.65056,17,6,39,2,1,2,6-Feb,2006,2,6,62129.64992,61,MIDDLE SCHOOLS,02-06 Hallie Wells MS,3,1244455.45,570324.04,6-Feb,Hallie Wells MS, 11701 Little Seneca Pkwy Clarksburg MD 20871,-77.23962629,39.23242062,Clarksburg MD 20871,11701 Little Seneca Pkw,-77.23962629,62129.64992,122177809.2,39.23242062
239,260,1,259,0,112720414,55869.71544,13,8,14,2,1,12,3-Dec,12003,12,3,55869.7175,102,ELEMENTARY SCHOOLS,12-03 Woodfield ES,222,1256183.125,577712.3749,3-Dec,Woodfield ES, 24200 Woodfield Rd Gaithersburg MD 20882,-77.1982814,39.25278273,GAITHERSBURG MD 20882,24200 WOODFIELD RD,-77.1982814,55869.7175,112720413.8,39.25278273
240,261,1,260,0,1001983782,151478.0644,12,6,15,2,1,11,Nov-00,11000,11,0,151478.0643,30,ELEMENTARY SCHOOLS,11-00 Monocacy ES,119,1201042.375,567504.2499,Nov-00,Monocacy ES, 18801 Barnesville Rd Dickerson MD 20842,-77.3928412,39.22426591,Dickerson MD 20842,18801 Barnesville Rd,-77.3928412,151478.0643,1001983782,39.22426591
241,262,1,261,0,276761880.6,105526.6556,11,3,14,4,1,1,7-Jan,1007,1,7,105526.6568,164,PRIVATE,01-07 Damascus Library,181,1255526.965,590510.1171,7-Jan,Damascus Library, 9701 Main St Damascus MD 20872,-77.20069782,39.28791508,DAMASCUS MD 20872,9701 MAIN ST,-77.20069782,105526.6568,276761880.4,39.28791508
242,263,1,262,0,31829605.38,27963.31261,10,6,14,2,1,12,5-Dec,12005,12,5,27963.31287,67,HIGH SCHOOLS,12-05 Damascus HS,123,1252883.875,588542.1249,5-Dec,Damascus HS, 25921 Ridge Rd Damascus MD 20872,-77.21001987,39.28249565,Damascus MD 20872,25921 Ridge Rd,-77.21001987,27963.31287,31829605.86,39.28249565
243,265,1,264,0,619274113,152447.0296,8,6,15,2,1,2,8-Feb,2008,2,8,152447.029,62,HIGH SCHOOLS,02-08 Clarksburg HS,4,1236942.669,567957.191,8-Feb,Clarksburg HS, 22500 Wims Rd Clarksburg MD 20871,-77.26612383,39.22586522,Clarksburg MD 20871,22500 Wims Rd,-77.26612383,152447.029,619274112.7,39.22586522
244,270,1,269,0,245512549.7,92948.82182,3,8,14,2,1,12,1-Dec,12001,12,1,92948.82268,65,ELEMENTARY SCHOOLS,12-01 Damascus ES,122,1252589,589639.1252,1-Dec,Damascus ES, 10201 Bethesda Church Rd Damascus MD 20872,-77.21107055,39.28550559,Damascus MD 20872,10201 Bethesda Church Rd,-77.21107055,92948.82268,245512549.4,39.28550559
245,176,1,175,0,48170627.13,43571.39954,98,8,19,4,5,13,13-60,13060,13,60,4813.624466,,,,,,,,,,,,,,,4813.624466,638349.4011,
246,178,1,177,0,12910001.38,19987.31733,95,8,14,4,5,8,15-Aug,8015,8,15,19987.31811,,,,,,,,,,,,,,,19987.31811,12910001.29,
247,151,1,150,0,311648.1185,3317.628736,122,8,19,3,5,4,Apr-36,4036,4,36,3317.628652,,,,,,,,,,,,,,,3317.628652,311648.0563,
248,157,1,156,0,10453223.85,14937.37524,116,8,19,3,5,4,Apr-36,4036,4,36,14937.37546,,,,,,,,,,,,,,,14937.37546,10453223.84,
249,158,1,157,0,655925.2312,6585.471375,115,8,17,3,5,4,Apr-41,4041,4,41,6585.471332,,,,,,,,,,,,,,,6585.471332,655925.1093,
250,208,1,207,0,166959.5644,1855.327038,65,6,39,3,1,9,Sep-32,9032,9,32,1855.327648,,,,,,,,,,,,,,,1855.327648,166959.5881,
251,210,1,209,0,25199.91336,709.637469,63,6,39,3,1,9,Sep-32,9032,9,32,709.6375439,,,,,,,,,,,,,,,709.6375439,25199.9459,
252,217,1,216,0,261071577.7,99899.07681,56,3,14,4,5,8,6-Aug,8006,8,6,99899.07726,,,,,,,,,,,,,,,99899.07726,261071577.3,
253,189,1,188,0,1301902.161,5058.892107,84,6,17,3,2,6,16-Jun,6016,6,16,5058.892356,,,,,,,,,,,,,,,5058.892356,1301902.074,
254,190,1,189,0,7410872.726,14814.62364,83,6,39,3,2,9,Sep-38,9038,9,38,14814.62346,,,,,,,,,,,,,,,14814.62346,7410872.689,
255,197,1,196,0,3848070.165,10040.11703,76,6,39,3,1,9,Sep-32,9032,9,32,10040.11666,,,,,,,,,,,,,,,10040.11666,3848070.275,
256,200,1,199,0,112899239.5,53078.7339,73,8,19,4,5,8,8-Aug,8008,8,8,53078.73402,,,,,,,,,,,,,,,53078.73402,112899239.7,
257,201,1,200,0,264196.6048,2479.10487,72,6,17,4,1,9,Sep-39,9039,9,39,2479.105158,,,,,,,,,,,,,,,2479.105158,264196.6444,
258,205,1,204,0,2024613.089,8412.614403,68,6,39,3,1,9,Sep-32,9032,9,32,8412.614327,,,,,,,,,,,,,,,8412.614327,2024612.986,
259,219,1,218,0,13152824.96,21282.67068,54,6,39,4,1,9,Sep-37,9037,9,37,21282.67096,,,,,,,,,,,,,,,21282.67096,13152824.99,
260,223,1,222,0,46939796.12,32408.07901,50,6,15,2,2,6,15-Jun,6015,6,15,32408.07935,,,,,,,,,,,,,,,32408.07935,46939796.33,
261,230,1,229,0,127738639.9,64379.21165,43,6,15,2,1,6,11-Jun,6011,6,11,64379.21319,,,,,,,,,,,,,,,64379.21319,127738639.7,
262,232,1,231,0,7598359.74,12501.71182,41,8,14,4,5,8,14-Aug,8014,8,14,12501.7123,,,,,,,,,,,,,,,12501.7123,7598360.159,
263,257,1,256,0,128510503.4,61399.5954,16,6,14,2,1,12,4-Dec,12004,12,4,61399.59738,,,,,,,,,,,,,,,61399.59738,128510503.3,
264,258,1,257,0,438549480.8,102704.7829,15,8,14,4,1,1,1-Jan,1001,1,1,102704.7853,,,,,,,,,,,,,,,102704.7853,438549480.4,
265,259,1,258,0,65539922.58,37906.95044,14,6,14,2,1,2,9-Feb,2009,2,9,37906.95038,,,,,,,,,,,,,,,37906.95038,65539922.57,
266,264,1,263,0,61894688.12,40427.68154,9,8,14,4,1,1,1-Jan,1001,1,1,40427.6801,,,,,,,,,,,,,,,40427.6801,61894688.18,
267,266,1,265,0,19541219.23,17948.34153,7,8,15,2,1,2,7-Feb,2007,2,7,17948.34068,,,,,,,,,,,,,,,17948.34068,19541218.99,
268,267,1,266,0,258.6039545,65.89978275,6,0,0,0,0,0,OOC,OOC, , ,65.89986483,,,,,,,,,,,,,,,65.89986484,258.6007139,
269,268,1,267,0,21156.76033,814.2601859,5,0,0,0,0,0,OOC,OOC, , ,814.2597981,,,,,,,,,,,,,,,814.2597981,21156.74837,
270,269,1,268,0,4416.862719,401.2864663,4,0,0,0,0,0,OOC,OOC, , ,401.2865974,,,,,,,,,,,,,,,401.2865974,4416.85645,
271,271,1,270,0,379326703.4,112418.5517,2,8,14,2,1,12,2-Dec,12002,12,2,112418.5528,,,,,,,,,,,,,,,112418.5528,379326704,
